[{
  "_id": {
    "$oid": "654f25b9f9dfc28532704920"
  },
  "neighbourhood_group": "Central Region",
  "neighbourhood": "Bishan"
},
{
  "_id": {
    "$oid": "654f25b9f9dfc28532704921"
  },
  "neighbourhood_group": "Central Region",
  "neighbourhood": "Bukit Merah"
},
{
  "_id": {
    "$oid": "654f25b9f9dfc28532704922"
  },
  "neighbourhood_group": "Central Region",
  "neighbourhood": "Bukit Timah"
},
{
  "_id": {
    "$oid": "654f25b9f9dfc28532704923"
  },
  "neighbourhood_group": "Central Region",
  "neighbourhood": "Downtown Core"
},
{
  "_id": {
    "$oid": "654f25b9f9dfc28532704924"
  },
  "neighbourhood_group": "Central Region",
  "neighbourhood": "Geylang"
},
{
  "_id": {
    "$oid": "654f25b9f9dfc28532704925"
  },
  "neighbourhood_group": "Central Region",
  "neighbourhood": "Kallang"
},
{
  "_id": {
    "$oid": "654f25b9f9dfc28532704926"
  },
  "neighbourhood_group": "Central Region",
  "neighbourhood": "Marina East"
},
{
  "_id": {
    "$oid": "654f25b9f9dfc28532704927"
  },
  "neighbourhood_group": "Central Region",
  "neighbourhood": "Marina South"
},
{
  "_id": {
    "$oid": "654f25b9f9dfc28532704928"
  },
  "neighbourhood_group": "Central Region",
  "neighbourhood": "Marine Parade"
},
{
  "_id": {
    "$oid": "654f25b9f9dfc28532704929"
  },
  "neighbourhood_group": "Central Region",
  "neighbourhood": "Museum"
},
{
  "_id": {
    "$oid": "654f25b9f9dfc2853270492a"
  },
  "neighbourhood_group": "Central Region",
  "neighbourhood": "Newton"
},
{
  "_id": {
    "$oid": "654f25b9f9dfc2853270492b"
  },
  "neighbourhood_group": "Central Region",
  "neighbourhood": "Novena"
},
{
  "_id": {
    "$oid": "654f25b9f9dfc2853270492c"
  },
  "neighbourhood_group": "Central Region",
  "neighbourhood": "Orchard"
},
{
  "_id": {
    "$oid": "654f25b9f9dfc2853270492d"
  },
  "neighbourhood_group": "Central Region",
  "neighbourhood": "Outram"
},
{
  "_id": {
    "$oid": "654f25b9f9dfc2853270492e"
  },
  "neighbourhood_group": "Central Region",
  "neighbourhood": "Queenstown"
},
{
  "_id": {
    "$oid": "654f25b9f9dfc2853270492f"
  },
  "neighbourhood_group": "Central Region",
  "neighbourhood": "River Valley"
},
{
  "_id": {
    "$oid": "654f25b9f9dfc28532704930"
  },
  "neighbourhood_group": "Central Region",
  "neighbourhood": "Rochor"
},
{
  "_id": {
    "$oid": "654f25b9f9dfc28532704931"
  },
  "neighbourhood_group": "Central Region",
  "neighbourhood": "Singapore River"
},
{
  "_id": {
    "$oid": "654f25b9f9dfc28532704932"
  },
  "neighbourhood_group": "Central Region",
  "neighbourhood": "Southern Islands"
},
{
  "_id": {
    "$oid": "654f25b9f9dfc28532704933"
  },
  "neighbourhood_group": "Central Region",
  "neighbourhood": "Straits View"
},
{
  "_id": {
    "$oid": "654f25b9f9dfc28532704934"
  },
  "neighbourhood_group": "Central Region",
  "neighbourhood": "Tanglin"
},
{
  "_id": {
    "$oid": "654f25b9f9dfc28532704935"
  },
  "neighbourhood_group": "Central Region",
  "neighbourhood": "Toa Payoh"
},
{
  "_id": {
    "$oid": "654f25b9f9dfc28532704936"
  },
  "neighbourhood_group": "East Region",
  "neighbourhood": "Bedok"
},
{
  "_id": {
    "$oid": "654f25b9f9dfc28532704937"
  },
  "neighbourhood_group": "East Region",
  "neighbourhood": "Changi"
},
{
  "_id": {
    "$oid": "654f25b9f9dfc28532704938"
  },
  "neighbourhood_group": "East Region",
  "neighbourhood": "Changi Bay"
},
{
  "_id": {
    "$oid": "654f25b9f9dfc28532704939"
  },
  "neighbourhood_group": "East Region",
  "neighbourhood": "Pasir Ris"
},
{
  "_id": {
    "$oid": "654f25b9f9dfc2853270493a"
  },
  "neighbourhood_group": "East Region",
  "neighbourhood": "Paya Lebar"
},
{
  "_id": {
    "$oid": "654f25b9f9dfc2853270493b"
  },
  "neighbourhood_group": "East Region",
  "neighbourhood": "Tampines"
},
{
  "_id": {
    "$oid": "654f25b9f9dfc2853270493c"
  },
  "neighbourhood_group": "North-East Region",
  "neighbourhood": "Ang Mo Kio"
},
{
  "_id": {
    "$oid": "654f25b9f9dfc2853270493d"
  },
  "neighbourhood_group": "North-East Region",
  "neighbourhood": "Hougang"
},
{
  "_id": {
    "$oid": "654f25b9f9dfc2853270493e"
  },
  "neighbourhood_group": "North-East Region",
  "neighbourhood": "North-Eastern Islands"
},
{
  "_id": {
    "$oid": "654f25b9f9dfc2853270493f"
  },
  "neighbourhood_group": "North-East Region",
  "neighbourhood": "Punggol"
},
{
  "_id": {
    "$oid": "654f25b9f9dfc28532704940"
  },
  "neighbourhood_group": "North-East Region",
  "neighbourhood": "Seletar"
},
{
  "_id": {
    "$oid": "654f25b9f9dfc28532704941"
  },
  "neighbourhood_group": "North-East Region",
  "neighbourhood": "Sengkang"
},
{
  "_id": {
    "$oid": "654f25b9f9dfc28532704942"
  },
  "neighbourhood_group": "North-East Region",
  "neighbourhood": "Serangoon"
},
{
  "_id": {
    "$oid": "654f25b9f9dfc28532704943"
  },
  "neighbourhood_group": "North Region",
  "neighbourhood": "Central Water Catchment"
},
{
  "_id": {
    "$oid": "654f25b9f9dfc28532704944"
  },
  "neighbourhood_group": "North Region",
  "neighbourhood": "Lim Chu Kang"
},
{
  "_id": {
    "$oid": "654f25b9f9dfc28532704945"
  },
  "neighbourhood_group": "North Region",
  "neighbourhood": "Mandai"
},
{
  "_id": {
    "$oid": "654f25b9f9dfc28532704946"
  },
  "neighbourhood_group": "North Region",
  "neighbourhood": "Sembawang"
},
{
  "_id": {
    "$oid": "654f25b9f9dfc28532704947"
  },
  "neighbourhood_group": "North Region",
  "neighbourhood": "Simpang"
},
{
  "_id": {
    "$oid": "654f25b9f9dfc28532704948"
  },
  "neighbourhood_group": "North Region",
  "neighbourhood": "Sungei Kadut"
},
{
  "_id": {
    "$oid": "654f25b9f9dfc28532704949"
  },
  "neighbourhood_group": "North Region",
  "neighbourhood": "Woodlands"
},
{
  "_id": {
    "$oid": "654f25b9f9dfc2853270494a"
  },
  "neighbourhood_group": "North Region",
  "neighbourhood": "Yishun"
},
{
  "_id": {
    "$oid": "654f25b9f9dfc2853270494b"
  },
  "neighbourhood_group": "West Region",
  "neighbourhood": "Boon Lay"
},
{
  "_id": {
    "$oid": "654f25b9f9dfc2853270494c"
  },
  "neighbourhood_group": "West Region",
  "neighbourhood": "Bukit Batok"
},
{
  "_id": {
    "$oid": "654f25b9f9dfc2853270494d"
  },
  "neighbourhood_group": "West Region",
  "neighbourhood": "Bukit Panjang"
},
{
  "_id": {
    "$oid": "654f25b9f9dfc2853270494e"
  },
  "neighbourhood_group": "West Region",
  "neighbourhood": "Choa Chu Kang"
},
{
  "_id": {
    "$oid": "654f25b9f9dfc2853270494f"
  },
  "neighbourhood_group": "West Region",
  "neighbourhood": "Clementi"
},
{
  "_id": {
    "$oid": "654f25b9f9dfc28532704950"
  },
  "neighbourhood_group": "West Region",
  "neighbourhood": "Jurong East"
},
{
  "_id": {
    "$oid": "654f25b9f9dfc28532704951"
  },
  "neighbourhood_group": "West Region",
  "neighbourhood": "Jurong West"
},
{
  "_id": {
    "$oid": "654f25b9f9dfc28532704952"
  },
  "neighbourhood_group": "West Region",
  "neighbourhood": "Pioneer"
},
{
  "_id": {
    "$oid": "654f25b9f9dfc28532704953"
  },
  "neighbourhood_group": "West Region",
  "neighbourhood": "Tengah"
},
{
  "_id": {
    "$oid": "654f25b9f9dfc28532704954"
  },
  "neighbourhood_group": "West Region",
  "neighbourhood": "Tuas"
},
{
  "_id": {
    "$oid": "654f25b9f9dfc28532704955"
  },
  "neighbourhood_group": "West Region",
  "neighbourhood": "Western Islands"
},
{
  "_id": {
    "$oid": "654f25b9f9dfc28532704956"
  },
  "neighbourhood_group": "West Region",
  "neighbourhood": "Western Water Catchment"
},
{
  "_id": {
    "$oid": "654f25b9f9dfc28532704957"
  },
  "neighbourhood_group": "Hong Kong Island",
  "neighbourhood": "Central & Western"
},
{
  "_id": {
    "$oid": "654f25b9f9dfc28532704958"
  },
  "neighbourhood_group": "Hong Kong Island",
  "neighbourhood": "Eastern"
},
{
  "_id": {
    "$oid": "654f25b9f9dfc28532704959"
  },
  "neighbourhood_group": "Islands",
  "neighbourhood": "Islands"
},
{
  "_id": {
    "$oid": "654f25b9f9dfc2853270495a"
  },
  "neighbourhood_group": "Kowloon",
  "neighbourhood": "Kowloon City"
},
{
  "_id": {
    "$oid": "654f25b9f9dfc2853270495b"
  },
  "neighbourhood_group": "New Territories",
  "neighbourhood": "Kwai Tsing"
},
{
  "_id": {
    "$oid": "654f25b9f9dfc2853270495c"
  },
  "neighbourhood_group": "Kowloon",
  "neighbourhood": "Kwun Tong"
},
{
  "_id": {
    "$oid": "654f25b9f9dfc2853270495d"
  },
  "neighbourhood_group": "New Territories",
  "neighbourhood": "North"
},
{
  "_id": {
    "$oid": "654f25b9f9dfc2853270495e"
  },
  "neighbourhood_group": "New Territories",
  "neighbourhood": "Sai Kung"
},
{
  "_id": {
    "$oid": "654f25b9f9dfc2853270495f"
  },
  "neighbourhood_group": "Kowloon",
  "neighbourhood": "Sham Shui Po"
},
{
  "_id": {
    "$oid": "654f25b9f9dfc28532704960"
  },
  "neighbourhood_group": "New Territories",
  "neighbourhood": "Sha Tin"
},
{
  "_id": {
    "$oid": "654f25b9f9dfc28532704961"
  },
  "neighbourhood_group": "Hong Kong Island",
  "neighbourhood": "Southern"
},
{
  "_id": {
    "$oid": "654f25b9f9dfc28532704962"
  },
  "neighbourhood_group": "New Territories",
  "neighbourhood": "Tai Po"
},
{
  "_id": {
    "$oid": "654f25b9f9dfc28532704963"
  },
  "neighbourhood_group": "New Territories",
  "neighbourhood": "Tsuen Wan"
},
{
  "_id": {
    "$oid": "654f25b9f9dfc28532704964"
  },
  "neighbourhood_group": "New Territories",
  "neighbourhood": "Tuen Mun"
},
{
  "_id": {
    "$oid": "654f25b9f9dfc28532704965"
  },
  "neighbourhood_group": "Hong Kong Island",
  "neighbourhood": "Wan Chai"
},
{
  "_id": {
    "$oid": "654f25b9f9dfc28532704966"
  },
  "neighbourhood_group": "Kowloon",
  "neighbourhood": "Wong Tai Sin"
},
{
  "_id": {
    "$oid": "654f25b9f9dfc28532704967"
  },
  "neighbourhood_group": "Kowloon",
  "neighbourhood": "Yau Tsim Mong"
},
{
  "_id": {
    "$oid": "654f25b9f9dfc28532704968"
  },
  "neighbourhood_group": "New Territories",
  "neighbourhood": "Yuen Long"
},
{
  "_id": {
    "$oid": "654f25b9f9dfc28532704969"
  },
  "neighbourhood_group": "Bronx",
  "neighbourhood": "Allerton"
},
{
  "_id": {
    "$oid": "654f25b9f9dfc2853270496a"
  },
  "neighbourhood_group": "Bronx",
  "neighbourhood": "Baychester"
},
{
  "_id": {
    "$oid": "654f25b9f9dfc2853270496b"
  },
  "neighbourhood_group": "Bronx",
  "neighbourhood": "Belmont"
},
{
  "_id": {
    "$oid": "654f25b9f9dfc2853270496c"
  },
  "neighbourhood_group": "Bronx",
  "neighbourhood": "Bronxdale"
},
{
  "_id": {
    "$oid": "654f25b9f9dfc2853270496d"
  },
  "neighbourhood_group": "Bronx",
  "neighbourhood": "Castle Hill"
},
{
  "_id": {
    "$oid": "654f25b9f9dfc2853270496e"
  },
  "neighbourhood_group": "Bronx",
  "neighbourhood": "City Island"
},
{
  "_id": {
    "$oid": "654f25b9f9dfc2853270496f"
  },
  "neighbourhood_group": "Bronx",
  "neighbourhood": "Claremont Village"
},
{
  "_id": {
    "$oid": "654f25b9f9dfc28532704970"
  },
  "neighbourhood_group": "Bronx",
  "neighbourhood": "Clason Point"
},
{
  "_id": {
    "$oid": "654f25b9f9dfc28532704971"
  },
  "neighbourhood_group": "Bronx",
  "neighbourhood": "Concourse"
},
{
  "_id": {
    "$oid": "654f25b9f9dfc28532704972"
  },
  "neighbourhood_group": "Bronx",
  "neighbourhood": "Concourse Village"
},
{
  "_id": {
    "$oid": "654f25b9f9dfc28532704973"
  },
  "neighbourhood_group": "Bronx",
  "neighbourhood": "Co-op City"
},
{
  "_id": {
    "$oid": "654f25b9f9dfc28532704974"
  },
  "neighbourhood_group": "Bronx",
  "neighbourhood": "Country Club"
},
{
  "_id": {
    "$oid": "654f25b9f9dfc28532704975"
  },
  "neighbourhood_group": "Bronx",
  "neighbourhood": "Eastchester"
},
{
  "_id": {
    "$oid": "654f25b9f9dfc28532704976"
  },
  "neighbourhood_group": "Bronx",
  "neighbourhood": "East Morrisania"
},
{
  "_id": {
    "$oid": "654f25b9f9dfc28532704977"
  },
  "neighbourhood_group": "Bronx",
  "neighbourhood": "Edenwald"
},
{
  "_id": {
    "$oid": "654f25b9f9dfc28532704978"
  },
  "neighbourhood_group": "Bronx",
  "neighbourhood": "Fieldston"
},
{
  "_id": {
    "$oid": "654f25b9f9dfc28532704979"
  },
  "neighbourhood_group": "Bronx",
  "neighbourhood": "Fordham"
},
{
  "_id": {
    "$oid": "654f25b9f9dfc2853270497a"
  },
  "neighbourhood_group": "Bronx",
  "neighbourhood": "Highbridge"
},
{
  "_id": {
    "$oid": "654f25b9f9dfc2853270497b"
  },
  "neighbourhood_group": "Bronx",
  "neighbourhood": "Hunts Point"
},
{
  "_id": {
    "$oid": "654f25b9f9dfc2853270497c"
  },
  "neighbourhood_group": "Bronx",
  "neighbourhood": "Kingsbridge"
},
{
  "_id": {
    "$oid": "654f25b9f9dfc2853270497d"
  },
  "neighbourhood_group": "Bronx",
  "neighbourhood": "Longwood"
},
{
  "_id": {
    "$oid": "654f25b9f9dfc2853270497e"
  },
  "neighbourhood_group": "Bronx",
  "neighbourhood": "Melrose"
},
{
  "_id": {
    "$oid": "654f25b9f9dfc2853270497f"
  },
  "neighbourhood_group": "Bronx",
  "neighbourhood": "Morrisania"
},
{
  "_id": {
    "$oid": "654f25b9f9dfc28532704980"
  },
  "neighbourhood_group": "Bronx",
  "neighbourhood": "Morris Heights"
},
{
  "_id": {
    "$oid": "654f25b9f9dfc28532704981"
  },
  "neighbourhood_group": "Bronx",
  "neighbourhood": "Morris Park"
},
{
  "_id": {
    "$oid": "654f25b9f9dfc28532704982"
  },
  "neighbourhood_group": "Bronx",
  "neighbourhood": "Mott Haven"
},
{
  "_id": {
    "$oid": "654f25b9f9dfc28532704983"
  },
  "neighbourhood_group": "Bronx",
  "neighbourhood": "Mount Eden"
},
{
  "_id": {
    "$oid": "654f25b9f9dfc28532704984"
  },
  "neighbourhood_group": "Bronx",
  "neighbourhood": "Mount Hope"
},
{
  "_id": {
    "$oid": "654f25b9f9dfc28532704985"
  },
  "neighbourhood_group": "Bronx",
  "neighbourhood": "North Riverdale"
},
{
  "_id": {
    "$oid": "654f25b9f9dfc28532704986"
  },
  "neighbourhood_group": "Bronx",
  "neighbourhood": "Norwood"
},
{
  "_id": {
    "$oid": "654f25b9f9dfc28532704987"
  },
  "neighbourhood_group": "Bronx",
  "neighbourhood": "Olinville"
},
{
  "_id": {
    "$oid": "654f25b9f9dfc28532704988"
  },
  "neighbourhood_group": "Bronx",
  "neighbourhood": "Parkchester"
},
{
  "_id": {
    "$oid": "654f25b9f9dfc28532704989"
  },
  "neighbourhood_group": "Bronx",
  "neighbourhood": "Pelham Bay"
},
{
  "_id": {
    "$oid": "654f25b9f9dfc2853270498a"
  },
  "neighbourhood_group": "Bronx",
  "neighbourhood": "Pelham Gardens"
},
{
  "_id": {
    "$oid": "654f25b9f9dfc2853270498b"
  },
  "neighbourhood_group": "Bronx",
  "neighbourhood": "Port Morris"
},
{
  "_id": {
    "$oid": "654f25b9f9dfc2853270498c"
  },
  "neighbourhood_group": "Bronx",
  "neighbourhood": "Riverdale"
},
{
  "_id": {
    "$oid": "654f25b9f9dfc2853270498d"
  },
  "neighbourhood_group": "Bronx",
  "neighbourhood": "Schuylerville"
},
{
  "_id": {
    "$oid": "654f25b9f9dfc2853270498e"
  },
  "neighbourhood_group": "Bronx",
  "neighbourhood": "Soundview"
},
{
  "_id": {
    "$oid": "654f25b9f9dfc2853270498f"
  },
  "neighbourhood_group": "Bronx",
  "neighbourhood": "Spuyten Duyvil"
},
{
  "_id": {
    "$oid": "654f25b9f9dfc28532704990"
  },
  "neighbourhood_group": "Bronx",
  "neighbourhood": "Throgs Neck"
},
{
  "_id": {
    "$oid": "654f25b9f9dfc28532704991"
  },
  "neighbourhood_group": "Bronx",
  "neighbourhood": "Tremont"
},
{
  "_id": {
    "$oid": "654f25b9f9dfc28532704992"
  },
  "neighbourhood_group": "Bronx",
  "neighbourhood": "Unionport"
},
{
  "_id": {
    "$oid": "654f25b9f9dfc28532704993"
  },
  "neighbourhood_group": "Bronx",
  "neighbourhood": "University Heights"
},
{
  "_id": {
    "$oid": "654f25b9f9dfc28532704994"
  },
  "neighbourhood_group": "Bronx",
  "neighbourhood": "Van Nest"
},
{
  "_id": {
    "$oid": "654f25b9f9dfc28532704995"
  },
  "neighbourhood_group": "Bronx",
  "neighbourhood": "Wakefield"
},
{
  "_id": {
    "$oid": "654f25b9f9dfc28532704996"
  },
  "neighbourhood_group": "Bronx",
  "neighbourhood": "Westchester Square"
},
{
  "_id": {
    "$oid": "654f25b9f9dfc28532704997"
  },
  "neighbourhood_group": "Bronx",
  "neighbourhood": "West Farms"
},
{
  "_id": {
    "$oid": "654f25b9f9dfc28532704998"
  },
  "neighbourhood_group": "Bronx",
  "neighbourhood": "Williamsbridge"
},
{
  "_id": {
    "$oid": "654f25b9f9dfc28532704999"
  },
  "neighbourhood_group": "Bronx",
  "neighbourhood": "Woodlawn"
},
{
  "_id": {
    "$oid": "654f25b9f9dfc2853270499a"
  },
  "neighbourhood_group": "Brooklyn",
  "neighbourhood": "Bath Beach"
},
{
  "_id": {
    "$oid": "654f25b9f9dfc2853270499b"
  },
  "neighbourhood_group": "Brooklyn",
  "neighbourhood": "Bay Ridge"
},
{
  "_id": {
    "$oid": "654f25b9f9dfc2853270499c"
  },
  "neighbourhood_group": "Brooklyn",
  "neighbourhood": "Bedford-Stuyvesant"
},
{
  "_id": {
    "$oid": "654f25b9f9dfc2853270499d"
  },
  "neighbourhood_group": "Brooklyn",
  "neighbourhood": "Bensonhurst"
},
{
  "_id": {
    "$oid": "654f25b9f9dfc2853270499e"
  },
  "neighbourhood_group": "Brooklyn",
  "neighbourhood": "Bergen Beach"
},
{
  "_id": {
    "$oid": "654f25b9f9dfc2853270499f"
  },
  "neighbourhood_group": "Brooklyn",
  "neighbourhood": "Boerum Hill"
},
{
  "_id": {
    "$oid": "654f25b9f9dfc285327049a0"
  },
  "neighbourhood_group": "Brooklyn",
  "neighbourhood": "Borough Park"
},
{
  "_id": {
    "$oid": "654f25b9f9dfc285327049a1"
  },
  "neighbourhood_group": "Brooklyn",
  "neighbourhood": "Brighton Beach"
},
{
  "_id": {
    "$oid": "654f25b9f9dfc285327049a2"
  },
  "neighbourhood_group": "Brooklyn",
  "neighbourhood": "Brooklyn Heights"
},
{
  "_id": {
    "$oid": "654f25b9f9dfc285327049a3"
  },
  "neighbourhood_group": "Brooklyn",
  "neighbourhood": "Brownsville"
},
{
  "_id": {
    "$oid": "654f25b9f9dfc285327049a4"
  },
  "neighbourhood_group": "Brooklyn",
  "neighbourhood": "Bushwick"
},
{
  "_id": {
    "$oid": "654f25b9f9dfc285327049a5"
  },
  "neighbourhood_group": "Brooklyn",
  "neighbourhood": "Canarsie"
},
{
  "_id": {
    "$oid": "654f25b9f9dfc285327049a6"
  },
  "neighbourhood_group": "Brooklyn",
  "neighbourhood": "Carroll Gardens"
},
{
  "_id": {
    "$oid": "654f25b9f9dfc285327049a7"
  },
  "neighbourhood_group": "Brooklyn",
  "neighbourhood": "Clinton Hill"
},
{
  "_id": {
    "$oid": "654f25b9f9dfc285327049a8"
  },
  "neighbourhood_group": "Brooklyn",
  "neighbourhood": "Cobble Hill"
},
{
  "_id": {
    "$oid": "654f25b9f9dfc285327049a9"
  },
  "neighbourhood_group": "Brooklyn",
  "neighbourhood": "Columbia St"
},
{
  "_id": {
    "$oid": "654f25b9f9dfc285327049aa"
  },
  "neighbourhood_group": "Brooklyn",
  "neighbourhood": "Coney Island"
},
{
  "_id": {
    "$oid": "654f25b9f9dfc285327049ab"
  },
  "neighbourhood_group": "Brooklyn",
  "neighbourhood": "Crown Heights"
},
{
  "_id": {
    "$oid": "654f25b9f9dfc285327049ac"
  },
  "neighbourhood_group": "Brooklyn",
  "neighbourhood": "Cypress Hills"
},
{
  "_id": {
    "$oid": "654f25b9f9dfc285327049ad"
  },
  "neighbourhood_group": "Brooklyn",
  "neighbourhood": "Downtown Brooklyn"
},
{
  "_id": {
    "$oid": "654f25b9f9dfc285327049ae"
  },
  "neighbourhood_group": "Brooklyn",
  "neighbourhood": "DUMBO"
},
{
  "_id": {
    "$oid": "654f25b9f9dfc285327049af"
  },
  "neighbourhood_group": "Brooklyn",
  "neighbourhood": "Dyker Heights"
},
{
  "_id": {
    "$oid": "654f25b9f9dfc285327049b0"
  },
  "neighbourhood_group": "Brooklyn",
  "neighbourhood": "East Flatbush"
},
{
  "_id": {
    "$oid": "654f25b9f9dfc285327049b1"
  },
  "neighbourhood_group": "Brooklyn",
  "neighbourhood": "East New York"
},
{
  "_id": {
    "$oid": "654f25b9f9dfc285327049b2"
  },
  "neighbourhood_group": "Brooklyn",
  "neighbourhood": "Flatbush"
},
{
  "_id": {
    "$oid": "654f25b9f9dfc285327049b3"
  },
  "neighbourhood_group": "Brooklyn",
  "neighbourhood": "Flatlands"
},
{
  "_id": {
    "$oid": "654f25b9f9dfc285327049b4"
  },
  "neighbourhood_group": "Brooklyn",
  "neighbourhood": "Fort Greene"
},
{
  "_id": {
    "$oid": "654f25b9f9dfc285327049b5"
  },
  "neighbourhood_group": "Brooklyn",
  "neighbourhood": "Fort Hamilton"
},
{
  "_id": {
    "$oid": "654f25b9f9dfc285327049b6"
  },
  "neighbourhood_group": "Brooklyn",
  "neighbourhood": "Gerritsen Beach"
},
{
  "_id": {
    "$oid": "654f25b9f9dfc285327049b7"
  },
  "neighbourhood_group": "Brooklyn",
  "neighbourhood": "Gowanus"
},
{
  "_id": {
    "$oid": "654f25b9f9dfc285327049b8"
  },
  "neighbourhood_group": "Brooklyn",
  "neighbourhood": "Gravesend"
},
{
  "_id": {
    "$oid": "654f25b9f9dfc285327049b9"
  },
  "neighbourhood_group": "Brooklyn",
  "neighbourhood": "Greenpoint"
},
{
  "_id": {
    "$oid": "654f25b9f9dfc285327049ba"
  },
  "neighbourhood_group": "Brooklyn",
  "neighbourhood": "Kensington"
},
{
  "_id": {
    "$oid": "654f25b9f9dfc285327049bb"
  },
  "neighbourhood_group": "Brooklyn",
  "neighbourhood": "Manhattan Beach"
},
{
  "_id": {
    "$oid": "654f25b9f9dfc285327049bc"
  },
  "neighbourhood_group": "Brooklyn",
  "neighbourhood": "Midwood"
},
{
  "_id": {
    "$oid": "654f25b9f9dfc285327049bd"
  },
  "neighbourhood_group": "Brooklyn",
  "neighbourhood": "Mill Basin"
},
{
  "_id": {
    "$oid": "654f25b9f9dfc285327049be"
  },
  "neighbourhood_group": "Brooklyn",
  "neighbourhood": "Navy Yard"
},
{
  "_id": {
    "$oid": "654f25b9f9dfc285327049bf"
  },
  "neighbourhood_group": "Brooklyn",
  "neighbourhood": "Park Slope"
},
{
  "_id": {
    "$oid": "654f25b9f9dfc285327049c0"
  },
  "neighbourhood_group": "Brooklyn",
  "neighbourhood": "Prospect Heights"
},
{
  "_id": {
    "$oid": "654f25b9f9dfc285327049c1"
  },
  "neighbourhood_group": "Brooklyn",
  "neighbourhood": "Prospect-Lefferts Gardens"
},
{
  "_id": {
    "$oid": "654f25b9f9dfc285327049c2"
  },
  "neighbourhood_group": "Brooklyn",
  "neighbourhood": "Red Hook"
},
{
  "_id": {
    "$oid": "654f25b9f9dfc285327049c3"
  },
  "neighbourhood_group": "Brooklyn",
  "neighbourhood": "Sea Gate"
},
{
  "_id": {
    "$oid": "654f25b9f9dfc285327049c4"
  },
  "neighbourhood_group": "Brooklyn",
  "neighbourhood": "Sheepshead Bay"
},
{
  "_id": {
    "$oid": "654f25b9f9dfc285327049c5"
  },
  "neighbourhood_group": "Brooklyn",
  "neighbourhood": "South Slope"
},
{
  "_id": {
    "$oid": "654f25b9f9dfc285327049c6"
  },
  "neighbourhood_group": "Brooklyn",
  "neighbourhood": "Sunset Park"
},
{
  "_id": {
    "$oid": "654f25b9f9dfc285327049c7"
  },
  "neighbourhood_group": "Brooklyn",
  "neighbourhood": "Vinegar Hill"
},
{
  "_id": {
    "$oid": "654f25b9f9dfc285327049c8"
  },
  "neighbourhood_group": "Brooklyn",
  "neighbourhood": "Williamsburg"
},
{
  "_id": {
    "$oid": "654f25b9f9dfc285327049c9"
  },
  "neighbourhood_group": "Brooklyn",
  "neighbourhood": "Windsor Terrace"
},
{
  "_id": {
    "$oid": "654f25b9f9dfc285327049ca"
  },
  "neighbourhood_group": "Manhattan",
  "neighbourhood": "Battery Park City"
},
{
  "_id": {
    "$oid": "654f25b9f9dfc285327049cb"
  },
  "neighbourhood_group": "Manhattan",
  "neighbourhood": "Chelsea"
},
{
  "_id": {
    "$oid": "654f25b9f9dfc285327049cc"
  },
  "neighbourhood_group": "Manhattan",
  "neighbourhood": "Chinatown"
},
{
  "_id": {
    "$oid": "654f25b9f9dfc285327049cd"
  },
  "neighbourhood_group": "Manhattan",
  "neighbourhood": "Civic Center"
},
{
  "_id": {
    "$oid": "654f25b9f9dfc285327049ce"
  },
  "neighbourhood_group": "Manhattan",
  "neighbourhood": "East Harlem"
},
{
  "_id": {
    "$oid": "654f25b9f9dfc285327049cf"
  },
  "neighbourhood_group": "Manhattan",
  "neighbourhood": "East Village"
},
{
  "_id": {
    "$oid": "654f25b9f9dfc285327049d0"
  },
  "neighbourhood_group": "Manhattan",
  "neighbourhood": "Financial District"
},
{
  "_id": {
    "$oid": "654f25b9f9dfc285327049d1"
  },
  "neighbourhood_group": "Manhattan",
  "neighbourhood": "Flatiron District"
},
{
  "_id": {
    "$oid": "654f25b9f9dfc285327049d2"
  },
  "neighbourhood_group": "Manhattan",
  "neighbourhood": "Gramercy"
},
{
  "_id": {
    "$oid": "654f25b9f9dfc285327049d3"
  },
  "neighbourhood_group": "Manhattan",
  "neighbourhood": "Greenwich Village"
},
{
  "_id": {
    "$oid": "654f25b9f9dfc285327049d4"
  },
  "neighbourhood_group": "Manhattan",
  "neighbourhood": "Harlem"
},
{
  "_id": {
    "$oid": "654f25b9f9dfc285327049d5"
  },
  "neighbourhood_group": "Manhattan",
  "neighbourhood": "Hell's Kitchen"
},
{
  "_id": {
    "$oid": "654f25b9f9dfc285327049d6"
  },
  "neighbourhood_group": "Manhattan",
  "neighbourhood": "Inwood"
},
{
  "_id": {
    "$oid": "654f25b9f9dfc285327049d7"
  },
  "neighbourhood_group": "Manhattan",
  "neighbourhood": "Kips Bay"
},
{
  "_id": {
    "$oid": "654f25b9f9dfc285327049d8"
  },
  "neighbourhood_group": "Manhattan",
  "neighbourhood": "Little Italy"
},
{
  "_id": {
    "$oid": "654f25b9f9dfc285327049d9"
  },
  "neighbourhood_group": "Manhattan",
  "neighbourhood": "Lower East Side"
},
{
  "_id": {
    "$oid": "654f25b9f9dfc285327049da"
  },
  "neighbourhood_group": "Manhattan",
  "neighbourhood": "Marble Hill"
},
{
  "_id": {
    "$oid": "654f25b9f9dfc285327049db"
  },
  "neighbourhood_group": "Manhattan",
  "neighbourhood": "Midtown"
},
{
  "_id": {
    "$oid": "654f25b9f9dfc285327049dc"
  },
  "neighbourhood_group": "Manhattan",
  "neighbourhood": "Morningside Heights"
},
{
  "_id": {
    "$oid": "654f25b9f9dfc285327049dd"
  },
  "neighbourhood_group": "Manhattan",
  "neighbourhood": "Murray Hill"
},
{
  "_id": {
    "$oid": "654f25b9f9dfc285327049de"
  },
  "neighbourhood_group": "Manhattan",
  "neighbourhood": "NoHo"
},
{
  "_id": {
    "$oid": "654f25b9f9dfc285327049df"
  },
  "neighbourhood_group": "Manhattan",
  "neighbourhood": "Nolita"
},
{
  "_id": {
    "$oid": "654f25b9f9dfc285327049e0"
  },
  "neighbourhood_group": "Manhattan",
  "neighbourhood": "Roosevelt Island"
},
{
  "_id": {
    "$oid": "654f25b9f9dfc285327049e1"
  },
  "neighbourhood_group": "Manhattan",
  "neighbourhood": "SoHo"
},
{
  "_id": {
    "$oid": "654f25b9f9dfc285327049e2"
  },
  "neighbourhood_group": "Manhattan",
  "neighbourhood": "Stuyvesant Town"
},
{
  "_id": {
    "$oid": "654f25b9f9dfc285327049e3"
  },
  "neighbourhood_group": "Manhattan",
  "neighbourhood": "Theater District"
},
{
  "_id": {
    "$oid": "654f25b9f9dfc285327049e4"
  },
  "neighbourhood_group": "Manhattan",
  "neighbourhood": "Tribeca"
},
{
  "_id": {
    "$oid": "654f25b9f9dfc285327049e5"
  },
  "neighbourhood_group": "Manhattan",
  "neighbourhood": "Two Bridges"
},
{
  "_id": {
    "$oid": "654f25b9f9dfc285327049e6"
  },
  "neighbourhood_group": "Manhattan",
  "neighbourhood": "Upper East Side"
},
{
  "_id": {
    "$oid": "654f25b9f9dfc285327049e7"
  },
  "neighbourhood_group": "Manhattan",
  "neighbourhood": "Upper West Side"
},
{
  "_id": {
    "$oid": "654f25b9f9dfc285327049e8"
  },
  "neighbourhood_group": "Manhattan",
  "neighbourhood": "Washington Heights"
},
{
  "_id": {
    "$oid": "654f25b9f9dfc285327049e9"
  },
  "neighbourhood_group": "Manhattan",
  "neighbourhood": "West Village"
},
{
  "_id": {
    "$oid": "654f25b9f9dfc285327049ea"
  },
  "neighbourhood_group": "Queens",
  "neighbourhood": "Arverne"
},
{
  "_id": {
    "$oid": "654f25b9f9dfc285327049eb"
  },
  "neighbourhood_group": "Queens",
  "neighbourhood": "Astoria"
},
{
  "_id": {
    "$oid": "654f25b9f9dfc285327049ec"
  },
  "neighbourhood_group": "Queens",
  "neighbourhood": "Bayside"
},
{
  "_id": {
    "$oid": "654f25b9f9dfc285327049ed"
  },
  "neighbourhood_group": "Queens",
  "neighbourhood": "Bayswater"
},
{
  "_id": {
    "$oid": "654f25b9f9dfc285327049ee"
  },
  "neighbourhood_group": "Queens",
  "neighbourhood": "Bay Terrace"
},
{
  "_id": {
    "$oid": "654f25b9f9dfc285327049ef"
  },
  "neighbourhood_group": "Queens",
  "neighbourhood": "Belle Harbor"
},
{
  "_id": {
    "$oid": "654f25b9f9dfc285327049f0"
  },
  "neighbourhood_group": "Queens",
  "neighbourhood": "Bellerose"
},
{
  "_id": {
    "$oid": "654f25b9f9dfc285327049f1"
  },
  "neighbourhood_group": "Queens",
  "neighbourhood": "Breezy Point"
},
{
  "_id": {
    "$oid": "654f25b9f9dfc285327049f2"
  },
  "neighbourhood_group": "Queens",
  "neighbourhood": "Briarwood"
},
{
  "_id": {
    "$oid": "654f25b9f9dfc285327049f3"
  },
  "neighbourhood_group": "Queens",
  "neighbourhood": "Cambria Heights"
},
{
  "_id": {
    "$oid": "654f25b9f9dfc285327049f4"
  },
  "neighbourhood_group": "Queens",
  "neighbourhood": "College Point"
},
{
  "_id": {
    "$oid": "654f25b9f9dfc285327049f5"
  },
  "neighbourhood_group": "Queens",
  "neighbourhood": "Corona"
},
{
  "_id": {
    "$oid": "654f25b9f9dfc285327049f6"
  },
  "neighbourhood_group": "Queens",
  "neighbourhood": "Ditmars Steinway"
},
{
  "_id": {
    "$oid": "654f25b9f9dfc285327049f7"
  },
  "neighbourhood_group": "Queens",
  "neighbourhood": "Douglaston"
},
{
  "_id": {
    "$oid": "654f25b9f9dfc285327049f8"
  },
  "neighbourhood_group": "Queens",
  "neighbourhood": "East Elmhurst"
},
{
  "_id": {
    "$oid": "654f25b9f9dfc285327049f9"
  },
  "neighbourhood_group": "Queens",
  "neighbourhood": "Edgemere"
},
{
  "_id": {
    "$oid": "654f25b9f9dfc285327049fa"
  },
  "neighbourhood_group": "Queens",
  "neighbourhood": "Elmhurst"
},
{
  "_id": {
    "$oid": "654f25b9f9dfc285327049fb"
  },
  "neighbourhood_group": "Queens",
  "neighbourhood": "Far Rockaway"
},
{
  "_id": {
    "$oid": "654f25b9f9dfc285327049fc"
  },
  "neighbourhood_group": "Queens",
  "neighbourhood": "Flushing"
},
{
  "_id": {
    "$oid": "654f25b9f9dfc285327049fd"
  },
  "neighbourhood_group": "Queens",
  "neighbourhood": "Forest Hills"
},
{
  "_id": {
    "$oid": "654f25b9f9dfc285327049fe"
  },
  "neighbourhood_group": "Queens",
  "neighbourhood": "Fresh Meadows"
},
{
  "_id": {
    "$oid": "654f25b9f9dfc285327049ff"
  },
  "neighbourhood_group": "Queens",
  "neighbourhood": "Glendale"
},
{
  "_id": {
    "$oid": "654f25b9f9dfc28532704a00"
  },
  "neighbourhood_group": "Queens",
  "neighbourhood": "Glen Oaks"
},
{
  "_id": {
    "$oid": "654f25b9f9dfc28532704a01"
  },
  "neighbourhood_group": "Queens",
  "neighbourhood": "Hollis"
},
{
  "_id": {
    "$oid": "654f25b9f9dfc28532704a02"
  },
  "neighbourhood_group": "Queens",
  "neighbourhood": "Hollis Hills"
},
{
  "_id": {
    "$oid": "654f25b9f9dfc28532704a03"
  },
  "neighbourhood_group": "Queens",
  "neighbourhood": "Holliswood"
},
{
  "_id": {
    "$oid": "654f25b9f9dfc28532704a04"
  },
  "neighbourhood_group": "Queens",
  "neighbourhood": "Howard Beach"
},
{
  "_id": {
    "$oid": "654f25b9f9dfc28532704a05"
  },
  "neighbourhood_group": "Queens",
  "neighbourhood": "Jackson Heights"
},
{
  "_id": {
    "$oid": "654f25b9f9dfc28532704a06"
  },
  "neighbourhood_group": "Queens",
  "neighbourhood": "Jamaica"
},
{
  "_id": {
    "$oid": "654f25b9f9dfc28532704a07"
  },
  "neighbourhood_group": "Queens",
  "neighbourhood": "Jamaica Estates"
},
{
  "_id": {
    "$oid": "654f25b9f9dfc28532704a08"
  },
  "neighbourhood_group": "Queens",
  "neighbourhood": "Jamaica Hills"
},
{
  "_id": {
    "$oid": "654f25b9f9dfc28532704a09"
  },
  "neighbourhood_group": "Queens",
  "neighbourhood": "Kew Gardens"
},
{
  "_id": {
    "$oid": "654f25b9f9dfc28532704a0a"
  },
  "neighbourhood_group": "Queens",
  "neighbourhood": "Kew Gardens Hills"
},
{
  "_id": {
    "$oid": "654f25b9f9dfc28532704a0b"
  },
  "neighbourhood_group": "Queens",
  "neighbourhood": "Laurelton"
},
{
  "_id": {
    "$oid": "654f25b9f9dfc28532704a0c"
  },
  "neighbourhood_group": "Queens",
  "neighbourhood": "Little Neck"
},
{
  "_id": {
    "$oid": "654f25b9f9dfc28532704a0d"
  },
  "neighbourhood_group": "Queens",
  "neighbourhood": "Long Island City"
},
{
  "_id": {
    "$oid": "654f25b9f9dfc28532704a0e"
  },
  "neighbourhood_group": "Queens",
  "neighbourhood": "Maspeth"
},
{
  "_id": {
    "$oid": "654f25b9f9dfc28532704a0f"
  },
  "neighbourhood_group": "Queens",
  "neighbourhood": "Middle Village"
},
{
  "_id": {
    "$oid": "654f25b9f9dfc28532704a10"
  },
  "neighbourhood_group": "Queens",
  "neighbourhood": "Neponsit"
},
{
  "_id": {
    "$oid": "654f25b9f9dfc28532704a11"
  },
  "neighbourhood_group": "Queens",
  "neighbourhood": "Ozone Park"
},
{
  "_id": {
    "$oid": "654f25b9f9dfc28532704a12"
  },
  "neighbourhood_group": "Queens",
  "neighbourhood": "Queens Village"
},
{
  "_id": {
    "$oid": "654f25b9f9dfc28532704a13"
  },
  "neighbourhood_group": "Queens",
  "neighbourhood": "Rego Park"
},
{
  "_id": {
    "$oid": "654f25b9f9dfc28532704a14"
  },
  "neighbourhood_group": "Queens",
  "neighbourhood": "Richmond Hill"
},
{
  "_id": {
    "$oid": "654f25b9f9dfc28532704a15"
  },
  "neighbourhood_group": "Queens",
  "neighbourhood": "Ridgewood"
},
{
  "_id": {
    "$oid": "654f25b9f9dfc28532704a16"
  },
  "neighbourhood_group": "Queens",
  "neighbourhood": "Rockaway Beach"
},
{
  "_id": {
    "$oid": "654f25b9f9dfc28532704a17"
  },
  "neighbourhood_group": "Queens",
  "neighbourhood": "Rosedale"
},
{
  "_id": {
    "$oid": "654f25b9f9dfc28532704a18"
  },
  "neighbourhood_group": "Queens",
  "neighbourhood": "South Ozone Park"
},
{
  "_id": {
    "$oid": "654f25b9f9dfc28532704a19"
  },
  "neighbourhood_group": "Queens",
  "neighbourhood": "Springfield Gardens"
},
{
  "_id": {
    "$oid": "654f25b9f9dfc28532704a1a"
  },
  "neighbourhood_group": "Queens",
  "neighbourhood": "St. Albans"
},
{
  "_id": {
    "$oid": "654f25b9f9dfc28532704a1b"
  },
  "neighbourhood_group": "Queens",
  "neighbourhood": "Sunnyside"
},
{
  "_id": {
    "$oid": "654f25b9f9dfc28532704a1c"
  },
  "neighbourhood_group": "Queens",
  "neighbourhood": "Whitestone"
},
{
  "_id": {
    "$oid": "654f25b9f9dfc28532704a1d"
  },
  "neighbourhood_group": "Queens",
  "neighbourhood": "Woodhaven"
},
{
  "_id": {
    "$oid": "654f25b9f9dfc28532704a1e"
  },
  "neighbourhood_group": "Queens",
  "neighbourhood": "Woodside"
},
{
  "_id": {
    "$oid": "654f25b9f9dfc28532704a1f"
  },
  "neighbourhood_group": "Staten Island",
  "neighbourhood": "Arden Heights"
},
{
  "_id": {
    "$oid": "654f25b9f9dfc28532704a20"
  },
  "neighbourhood_group": "Staten Island",
  "neighbourhood": "Arrochar"
},
{
  "_id": {
    "$oid": "654f25b9f9dfc28532704a21"
  },
  "neighbourhood_group": "Staten Island",
  "neighbourhood": "Bay Terrace, Staten Island"
},
{
  "_id": {
    "$oid": "654f25b9f9dfc28532704a22"
  },
  "neighbourhood_group": "Staten Island",
  "neighbourhood": "Bloomfield"
},
{
  "_id": {
    "$oid": "654f25b9f9dfc28532704a23"
  },
  "neighbourhood_group": "Staten Island",
  "neighbourhood": "Bull's Head"
},
{
  "_id": {
    "$oid": "654f25b9f9dfc28532704a24"
  },
  "neighbourhood_group": "Staten Island",
  "neighbourhood": "Castleton Corners"
},
{
  "_id": {
    "$oid": "654f25b9f9dfc28532704a25"
  },
  "neighbourhood_group": "Staten Island",
  "neighbourhood": "Charleston"
},
{
  "_id": {
    "$oid": "654f25b9f9dfc28532704a26"
  },
  "neighbourhood_group": "Staten Island",
  "neighbourhood": "Chelsea, Staten Island"
},
{
  "_id": {
    "$oid": "654f25b9f9dfc28532704a27"
  },
  "neighbourhood_group": "Staten Island",
  "neighbourhood": "Clifton"
},
{
  "_id": {
    "$oid": "654f25b9f9dfc28532704a28"
  },
  "neighbourhood_group": "Staten Island",
  "neighbourhood": "Concord"
},
{
  "_id": {
    "$oid": "654f25b9f9dfc28532704a29"
  },
  "neighbourhood_group": "Staten Island",
  "neighbourhood": "Dongan Hills"
},
{
  "_id": {
    "$oid": "654f25b9f9dfc28532704a2a"
  },
  "neighbourhood_group": "Staten Island",
  "neighbourhood": "Eltingville"
},
{
  "_id": {
    "$oid": "654f25b9f9dfc28532704a2b"
  },
  "neighbourhood_group": "Staten Island",
  "neighbourhood": "Emerson Hill"
},
{
  "_id": {
    "$oid": "654f25b9f9dfc28532704a2c"
  },
  "neighbourhood_group": "Staten Island",
  "neighbourhood": "Fort Wadsworth"
},
{
  "_id": {
    "$oid": "654f25b9f9dfc28532704a2d"
  },
  "neighbourhood_group": "Staten Island",
  "neighbourhood": "Graniteville"
},
{
  "_id": {
    "$oid": "654f25b9f9dfc28532704a2e"
  },
  "neighbourhood_group": "Staten Island",
  "neighbourhood": "Grant City"
},
{
  "_id": {
    "$oid": "654f25b9f9dfc28532704a2f"
  },
  "neighbourhood_group": "Staten Island",
  "neighbourhood": "Great Kills"
},
{
  "_id": {
    "$oid": "654f25b9f9dfc28532704a30"
  },
  "neighbourhood_group": "Staten Island",
  "neighbourhood": "Grymes Hill"
},
{
  "_id": {
    "$oid": "654f25b9f9dfc28532704a31"
  },
  "neighbourhood_group": "Staten Island",
  "neighbourhood": "Howland Hook"
},
{
  "_id": {
    "$oid": "654f25b9f9dfc28532704a32"
  },
  "neighbourhood_group": "Staten Island",
  "neighbourhood": "Huguenot"
},
{
  "_id": {
    "$oid": "654f25b9f9dfc28532704a33"
  },
  "neighbourhood_group": "Staten Island",
  "neighbourhood": "Lighthouse Hill"
},
{
  "_id": {
    "$oid": "654f25b9f9dfc28532704a34"
  },
  "neighbourhood_group": "Staten Island",
  "neighbourhood": "Mariners Harbor"
},
{
  "_id": {
    "$oid": "654f25b9f9dfc28532704a35"
  },
  "neighbourhood_group": "Staten Island",
  "neighbourhood": "Midland Beach"
},
{
  "_id": {
    "$oid": "654f25b9f9dfc28532704a36"
  },
  "neighbourhood_group": "Staten Island",
  "neighbourhood": "New Brighton"
},
{
  "_id": {
    "$oid": "654f25b9f9dfc28532704a37"
  },
  "neighbourhood_group": "Staten Island",
  "neighbourhood": "New Dorp"
},
{
  "_id": {
    "$oid": "654f25b9f9dfc28532704a38"
  },
  "neighbourhood_group": "Staten Island",
  "neighbourhood": "New Dorp Beach"
},
{
  "_id": {
    "$oid": "654f25b9f9dfc28532704a39"
  },
  "neighbourhood_group": "Staten Island",
  "neighbourhood": "New Springville"
},
{
  "_id": {
    "$oid": "654f25b9f9dfc28532704a3a"
  },
  "neighbourhood_group": "Staten Island",
  "neighbourhood": "Oakwood"
},
{
  "_id": {
    "$oid": "654f25b9f9dfc28532704a3b"
  },
  "neighbourhood_group": "Staten Island",
  "neighbourhood": "Pleasant Plains"
},
{
  "_id": {
    "$oid": "654f25b9f9dfc28532704a3c"
  },
  "neighbourhood_group": "Staten Island",
  "neighbourhood": "Port Ivory"
},
{
  "_id": {
    "$oid": "654f25b9f9dfc28532704a3d"
  },
  "neighbourhood_group": "Staten Island",
  "neighbourhood": "Port Richmond"
},
{
  "_id": {
    "$oid": "654f25b9f9dfc28532704a3e"
  },
  "neighbourhood_group": "Staten Island",
  "neighbourhood": "Prince's Bay"
},
{
  "_id": {
    "$oid": "654f25b9f9dfc28532704a3f"
  },
  "neighbourhood_group": "Staten Island",
  "neighbourhood": "Randall Manor"
},
{
  "_id": {
    "$oid": "654f25b9f9dfc28532704a40"
  },
  "neighbourhood_group": "Staten Island",
  "neighbourhood": "Richmondtown"
},
{
  "_id": {
    "$oid": "654f25b9f9dfc28532704a41"
  },
  "neighbourhood_group": "Staten Island",
  "neighbourhood": "Rosebank"
},
{
  "_id": {
    "$oid": "654f25b9f9dfc28532704a42"
  },
  "neighbourhood_group": "Staten Island",
  "neighbourhood": "Rossville"
},
{
  "_id": {
    "$oid": "654f25b9f9dfc28532704a43"
  },
  "neighbourhood_group": "Staten Island",
  "neighbourhood": "Shore Acres"
},
{
  "_id": {
    "$oid": "654f25b9f9dfc28532704a44"
  },
  "neighbourhood_group": "Staten Island",
  "neighbourhood": "Silver Lake"
},
{
  "_id": {
    "$oid": "654f25b9f9dfc28532704a45"
  },
  "neighbourhood_group": "Staten Island",
  "neighbourhood": "South Beach"
},
{
  "_id": {
    "$oid": "654f25b9f9dfc28532704a46"
  },
  "neighbourhood_group": "Staten Island",
  "neighbourhood": "Stapleton"
},
{
  "_id": {
    "$oid": "654f25b9f9dfc28532704a47"
  },
  "neighbourhood_group": "Staten Island",
  "neighbourhood": "St. George"
},
{
  "_id": {
    "$oid": "654f25b9f9dfc28532704a48"
  },
  "neighbourhood_group": "Staten Island",
  "neighbourhood": "Todt Hill"
},
{
  "_id": {
    "$oid": "654f25b9f9dfc28532704a49"
  },
  "neighbourhood_group": "Staten Island",
  "neighbourhood": "Tompkinsville"
},
{
  "_id": {
    "$oid": "654f25b9f9dfc28532704a4a"
  },
  "neighbourhood_group": "Staten Island",
  "neighbourhood": "Tottenville"
},
{
  "_id": {
    "$oid": "654f25b9f9dfc28532704a4b"
  },
  "neighbourhood_group": "Staten Island",
  "neighbourhood": "West Brighton"
},
{
  "_id": {
    "$oid": "654f25b9f9dfc28532704a4c"
  },
  "neighbourhood_group": "Staten Island",
  "neighbourhood": "Westerleigh"
},
{
  "_id": {
    "$oid": "654f25b9f9dfc28532704a4d"
  },
  "neighbourhood_group": "Staten Island",
  "neighbourhood": "Willowbrook"
},
{
  "_id": {
    "$oid": "654f25b9f9dfc28532704a4e"
  },
  "neighbourhood_group": "Staten Island",
  "neighbourhood": "Woodrow"
}]