[{
  "_id": {
    "$oid": "65530d8c7238d3e85d7eb0e7"
  },
  "neighbourhood": "Bishan",
  "neighbourhood_group": "Central Region",
  "city": "Singapore"
},
{
  "_id": {
    "$oid": "65530d8c7238d3e85d7eb0e8"
  },
  "neighbourhood": "Bukit Merah",
  "neighbourhood_group": "Central Region",
  "city": "Singapore"
},
{
  "_id": {
    "$oid": "65530d8c7238d3e85d7eb0e9"
  },
  "neighbourhood": "Bukit Timah",
  "neighbourhood_group": "Central Region",
  "city": "Singapore"
},
{
  "_id": {
    "$oid": "65530d8c7238d3e85d7eb0ea"
  },
  "neighbourhood": "Downtown Core",
  "neighbourhood_group": "Central Region",
  "city": "Singapore"
},
{
  "_id": {
    "$oid": "65530d8c7238d3e85d7eb0eb"
  },
  "neighbourhood": "Geylang",
  "neighbourhood_group": "Central Region",
  "city": "Singapore"
},
{
  "_id": {
    "$oid": "65530d8c7238d3e85d7eb0ec"
  },
  "neighbourhood": "Kallang",
  "neighbourhood_group": "Central Region",
  "city": "Singapore"
},
{
  "_id": {
    "$oid": "65530d8c7238d3e85d7eb0ed"
  },
  "neighbourhood": "Marina East",
  "neighbourhood_group": "Central Region",
  "city": "Singapore"
},
{
  "_id": {
    "$oid": "65530d8c7238d3e85d7eb0ee"
  },
  "neighbourhood": "Marina South",
  "neighbourhood_group": "Central Region",
  "city": "Singapore"
},
{
  "_id": {
    "$oid": "65530d8c7238d3e85d7eb0ef"
  },
  "neighbourhood": "Marine Parade",
  "neighbourhood_group": "Central Region",
  "city": "Singapore"
},
{
  "_id": {
    "$oid": "65530d8c7238d3e85d7eb0f0"
  },
  "neighbourhood": "Museum",
  "neighbourhood_group": "Central Region",
  "city": "Singapore"
},
{
  "_id": {
    "$oid": "65530d8c7238d3e85d7eb0f1"
  },
  "neighbourhood": "Newton",
  "neighbourhood_group": "Central Region",
  "city": "Singapore"
},
{
  "_id": {
    "$oid": "65530d8c7238d3e85d7eb0f2"
  },
  "neighbourhood": "Novena",
  "neighbourhood_group": "Central Region",
  "city": "Singapore"
},
{
  "_id": {
    "$oid": "65530d8c7238d3e85d7eb0f3"
  },
  "neighbourhood": "Orchard",
  "neighbourhood_group": "Central Region",
  "city": "Singapore"
},
{
  "_id": {
    "$oid": "65530d8c7238d3e85d7eb0f4"
  },
  "neighbourhood": "Outram",
  "neighbourhood_group": "Central Region",
  "city": "Singapore"
},
{
  "_id": {
    "$oid": "65530d8c7238d3e85d7eb0f5"
  },
  "neighbourhood": "Queenstown",
  "neighbourhood_group": "Central Region",
  "city": "Singapore"
},
{
  "_id": {
    "$oid": "65530d8c7238d3e85d7eb0f6"
  },
  "neighbourhood": "River Valley",
  "neighbourhood_group": "Central Region",
  "city": "Singapore"
},
{
  "_id": {
    "$oid": "65530d8c7238d3e85d7eb0f7"
  },
  "neighbourhood": "Rochor",
  "neighbourhood_group": "Central Region",
  "city": "Singapore"
},
{
  "_id": {
    "$oid": "65530d8c7238d3e85d7eb0f8"
  },
  "neighbourhood": "Singapore River",
  "neighbourhood_group": "Central Region",
  "city": "Singapore"
},
{
  "_id": {
    "$oid": "65530d8c7238d3e85d7eb0f9"
  },
  "neighbourhood": "Southern Islands",
  "neighbourhood_group": "Central Region",
  "city": "Singapore"
},
{
  "_id": {
    "$oid": "65530d8c7238d3e85d7eb0fa"
  },
  "neighbourhood": "Straits View",
  "neighbourhood_group": "Central Region",
  "city": "Singapore"
},
{
  "_id": {
    "$oid": "65530d8c7238d3e85d7eb0fb"
  },
  "neighbourhood": "Tanglin",
  "neighbourhood_group": "Central Region",
  "city": "Singapore"
},
{
  "_id": {
    "$oid": "65530d8c7238d3e85d7eb0fc"
  },
  "neighbourhood": "Toa Payoh",
  "neighbourhood_group": "Central Region",
  "city": "Singapore"
},
{
  "_id": {
    "$oid": "65530d8c7238d3e85d7eb0fd"
  },
  "neighbourhood": "Bedok",
  "neighbourhood_group": "East Region",
  "city": "Singapore"
},
{
  "_id": {
    "$oid": "65530d8c7238d3e85d7eb0fe"
  },
  "neighbourhood": "Changi",
  "neighbourhood_group": "East Region",
  "city": "Singapore"
},
{
  "_id": {
    "$oid": "65530d8c7238d3e85d7eb0ff"
  },
  "neighbourhood": "Changi Bay",
  "neighbourhood_group": "East Region",
  "city": "Singapore"
},
{
  "_id": {
    "$oid": "65530d8c7238d3e85d7eb100"
  },
  "neighbourhood": "Pasir Ris",
  "neighbourhood_group": "East Region",
  "city": "Singapore"
},
{
  "_id": {
    "$oid": "65530d8c7238d3e85d7eb101"
  },
  "neighbourhood": "Paya Lebar",
  "neighbourhood_group": "East Region",
  "city": "Singapore"
},
{
  "_id": {
    "$oid": "65530d8c7238d3e85d7eb102"
  },
  "neighbourhood": "Tampines",
  "neighbourhood_group": "East Region",
  "city": "Singapore"
},
{
  "_id": {
    "$oid": "65530d8c7238d3e85d7eb103"
  },
  "neighbourhood": "Ang Mo Kio",
  "neighbourhood_group": "North-East Region",
  "city": "Singapore"
},
{
  "_id": {
    "$oid": "65530d8c7238d3e85d7eb104"
  },
  "neighbourhood": "Hougang",
  "neighbourhood_group": "North-East Region",
  "city": "Singapore"
},
{
  "_id": {
    "$oid": "65530d8c7238d3e85d7eb105"
  },
  "neighbourhood": "North-Eastern Islands",
  "neighbourhood_group": "North-East Region",
  "city": "Singapore"
},
{
  "_id": {
    "$oid": "65530d8c7238d3e85d7eb106"
  },
  "neighbourhood": "Punggol",
  "neighbourhood_group": "North-East Region",
  "city": "Singapore"
},
{
  "_id": {
    "$oid": "65530d8c7238d3e85d7eb107"
  },
  "neighbourhood": "Seletar",
  "neighbourhood_group": "North-East Region",
  "city": "Singapore"
},
{
  "_id": {
    "$oid": "65530d8c7238d3e85d7eb108"
  },
  "neighbourhood": "Sengkang",
  "neighbourhood_group": "North-East Region",
  "city": "Singapore"
},
{
  "_id": {
    "$oid": "65530d8c7238d3e85d7eb109"
  },
  "neighbourhood": "Serangoon",
  "neighbourhood_group": "North-East Region",
  "city": "Singapore"
},
{
  "_id": {
    "$oid": "65530d8c7238d3e85d7eb10a"
  },
  "neighbourhood": "Central Water Catchment",
  "neighbourhood_group": "North Region",
  "city": "Singapore"
},
{
  "_id": {
    "$oid": "65530d8c7238d3e85d7eb10b"
  },
  "neighbourhood": "Lim Chu Kang",
  "neighbourhood_group": "North Region",
  "city": "Singapore"
},
{
  "_id": {
    "$oid": "65530d8c7238d3e85d7eb10c"
  },
  "neighbourhood": "Mandai",
  "neighbourhood_group": "North Region",
  "city": "Singapore"
},
{
  "_id": {
    "$oid": "65530d8c7238d3e85d7eb10d"
  },
  "neighbourhood": "Sembawang",
  "neighbourhood_group": "North Region",
  "city": "Singapore"
},
{
  "_id": {
    "$oid": "65530d8c7238d3e85d7eb10e"
  },
  "neighbourhood": "Simpang",
  "neighbourhood_group": "North Region",
  "city": "Singapore"
},
{
  "_id": {
    "$oid": "65530d8c7238d3e85d7eb10f"
  },
  "neighbourhood": "Sungei Kadut",
  "neighbourhood_group": "North Region",
  "city": "Singapore"
},
{
  "_id": {
    "$oid": "65530d8c7238d3e85d7eb110"
  },
  "neighbourhood": "Woodlands",
  "neighbourhood_group": "North Region",
  "city": "Singapore"
},
{
  "_id": {
    "$oid": "65530d8c7238d3e85d7eb111"
  },
  "neighbourhood": "Yishun",
  "neighbourhood_group": "North Region",
  "city": "Singapore"
},
{
  "_id": {
    "$oid": "65530d8c7238d3e85d7eb112"
  },
  "neighbourhood": "Boon Lay",
  "neighbourhood_group": "West Region",
  "city": "Singapore"
},
{
  "_id": {
    "$oid": "65530d8c7238d3e85d7eb113"
  },
  "neighbourhood": "Bukit Batok",
  "neighbourhood_group": "West Region",
  "city": "Singapore"
},
{
  "_id": {
    "$oid": "65530d8c7238d3e85d7eb114"
  },
  "neighbourhood": "Bukit Panjang",
  "neighbourhood_group": "West Region",
  "city": "Singapore"
},
{
  "_id": {
    "$oid": "65530d8c7238d3e85d7eb115"
  },
  "neighbourhood": "Choa Chu Kang",
  "neighbourhood_group": "West Region",
  "city": "Singapore"
},
{
  "_id": {
    "$oid": "65530d8c7238d3e85d7eb116"
  },
  "neighbourhood": "Clementi",
  "neighbourhood_group": "West Region",
  "city": "Singapore"
},
{
  "_id": {
    "$oid": "65530d8c7238d3e85d7eb117"
  },
  "neighbourhood": "Jurong East",
  "neighbourhood_group": "West Region",
  "city": "Singapore"
},
{
  "_id": {
    "$oid": "65530d8c7238d3e85d7eb118"
  },
  "neighbourhood": "Jurong West",
  "neighbourhood_group": "West Region",
  "city": "Singapore"
},
{
  "_id": {
    "$oid": "65530d8c7238d3e85d7eb119"
  },
  "neighbourhood": "Pioneer",
  "neighbourhood_group": "West Region",
  "city": "Singapore"
},
{
  "_id": {
    "$oid": "65530d8c7238d3e85d7eb11a"
  },
  "neighbourhood": "Tengah",
  "neighbourhood_group": "West Region",
  "city": "Singapore"
},
{
  "_id": {
    "$oid": "65530d8c7238d3e85d7eb11b"
  },
  "neighbourhood": "Tuas",
  "neighbourhood_group": "West Region",
  "city": "Singapore"
},
{
  "_id": {
    "$oid": "65530d8c7238d3e85d7eb11c"
  },
  "neighbourhood": "Western Islands",
  "neighbourhood_group": "West Region",
  "city": "Singapore"
},
{
  "_id": {
    "$oid": "65530d8c7238d3e85d7eb11d"
  },
  "neighbourhood": "Western Water Catchment",
  "neighbourhood_group": "West Region",
  "city": "Singapore"
},
{
  "_id": {
    "$oid": "65530d8c7238d3e85d7eb11e"
  },
  "neighbourhood": "Central & Western",
  "neighbourhood_group": "Hong Kong Island",
  "city": "Hong Kong"
},
{
  "_id": {
    "$oid": "65530d8c7238d3e85d7eb11f"
  },
  "neighbourhood": "Eastern",
  "neighbourhood_group": "Hong Kong Island",
  "city": "Hong Kong"
},
{
  "_id": {
    "$oid": "65530d8c7238d3e85d7eb120"
  },
  "neighbourhood": "Islands",
  "neighbourhood_group": "Islands",
  "city": "Hong Kong"
},
{
  "_id": {
    "$oid": "65530d8c7238d3e85d7eb121"
  },
  "neighbourhood": "Kowloon City",
  "neighbourhood_group": "Kowloon",
  "city": "Hong Kong"
},
{
  "_id": {
    "$oid": "65530d8c7238d3e85d7eb122"
  },
  "neighbourhood": "Kwai Tsing",
  "neighbourhood_group": "New Territories",
  "city": "Hong Kong"
},
{
  "_id": {
    "$oid": "65530d8c7238d3e85d7eb123"
  },
  "neighbourhood": "Kwun Tong",
  "neighbourhood_group": "Kowloon",
  "city": "Hong Kong"
},
{
  "_id": {
    "$oid": "65530d8c7238d3e85d7eb124"
  },
  "neighbourhood": "North",
  "neighbourhood_group": "New Territories",
  "city": "Hong Kong"
},
{
  "_id": {
    "$oid": "65530d8c7238d3e85d7eb125"
  },
  "neighbourhood": "Sai Kung",
  "neighbourhood_group": "New Territories",
  "city": "Hong Kong"
},
{
  "_id": {
    "$oid": "65530d8c7238d3e85d7eb126"
  },
  "neighbourhood": "Sham Shui Po",
  "neighbourhood_group": "Kowloon",
  "city": "Hong Kong"
},
{
  "_id": {
    "$oid": "65530d8c7238d3e85d7eb127"
  },
  "neighbourhood": "Sha Tin",
  "neighbourhood_group": "New Territories",
  "city": "Hong Kong"
},
{
  "_id": {
    "$oid": "65530d8c7238d3e85d7eb128"
  },
  "neighbourhood": "Southern",
  "neighbourhood_group": "Hong Kong Island",
  "city": "Hong Kong"
},
{
  "_id": {
    "$oid": "65530d8c7238d3e85d7eb129"
  },
  "neighbourhood": "Tai Po",
  "neighbourhood_group": "New Territories",
  "city": "Hong Kong"
},
{
  "_id": {
    "$oid": "65530d8c7238d3e85d7eb12a"
  },
  "neighbourhood": "Tsuen Wan",
  "neighbourhood_group": "New Territories",
  "city": "Hong Kong"
},
{
  "_id": {
    "$oid": "65530d8c7238d3e85d7eb12b"
  },
  "neighbourhood": "Tuen Mun",
  "neighbourhood_group": "New Territories",
  "city": "Hong Kong"
},
{
  "_id": {
    "$oid": "65530d8c7238d3e85d7eb12c"
  },
  "neighbourhood": "Wan Chai",
  "neighbourhood_group": "Hong Kong Island",
  "city": "Hong Kong"
},
{
  "_id": {
    "$oid": "65530d8c7238d3e85d7eb12d"
  },
  "neighbourhood": "Wong Tai Sin",
  "neighbourhood_group": "Kowloon",
  "city": "Hong Kong"
},
{
  "_id": {
    "$oid": "65530d8c7238d3e85d7eb12e"
  },
  "neighbourhood": "Yau Tsim Mong",
  "neighbourhood_group": "Kowloon",
  "city": "Hong Kong"
},
{
  "_id": {
    "$oid": "65530d8c7238d3e85d7eb12f"
  },
  "neighbourhood": "Yuen Long",
  "neighbourhood_group": "New Territories",
  "city": "Hong Kong"
},
{
  "_id": {
    "$oid": "65530d8c7238d3e85d7eb130"
  },
  "neighbourhood": "Allerton",
  "neighbourhood_group": "Bronx",
  "city": "New York"
},
{
  "_id": {
    "$oid": "65530d8c7238d3e85d7eb131"
  },
  "neighbourhood": "Baychester",
  "neighbourhood_group": "Bronx",
  "city": "New York"
},
{
  "_id": {
    "$oid": "65530d8c7238d3e85d7eb132"
  },
  "neighbourhood": "Belmont",
  "neighbourhood_group": "Bronx",
  "city": "New York"
},
{
  "_id": {
    "$oid": "65530d8c7238d3e85d7eb133"
  },
  "neighbourhood": "Bronxdale",
  "neighbourhood_group": "Bronx",
  "city": "New York"
},
{
  "_id": {
    "$oid": "65530d8c7238d3e85d7eb134"
  },
  "neighbourhood": "Castle Hill",
  "neighbourhood_group": "Bronx",
  "city": "New York"
},
{
  "_id": {
    "$oid": "65530d8c7238d3e85d7eb135"
  },
  "neighbourhood": "City Island",
  "neighbourhood_group": "Bronx",
  "city": "New York"
},
{
  "_id": {
    "$oid": "65530d8c7238d3e85d7eb136"
  },
  "neighbourhood": "Claremont Village",
  "neighbourhood_group": "Bronx",
  "city": "New York"
},
{
  "_id": {
    "$oid": "65530d8c7238d3e85d7eb137"
  },
  "neighbourhood": "Clason Point",
  "neighbourhood_group": "Bronx",
  "city": "New York"
},
{
  "_id": {
    "$oid": "65530d8c7238d3e85d7eb138"
  },
  "neighbourhood": "Concourse",
  "neighbourhood_group": "Bronx",
  "city": "New York"
},
{
  "_id": {
    "$oid": "65530d8c7238d3e85d7eb139"
  },
  "neighbourhood": "Concourse Village",
  "neighbourhood_group": "Bronx",
  "city": "New York"
},
{
  "_id": {
    "$oid": "65530d8c7238d3e85d7eb13a"
  },
  "neighbourhood": "Co-op City",
  "neighbourhood_group": "Bronx",
  "city": "New York"
},
{
  "_id": {
    "$oid": "65530d8c7238d3e85d7eb13b"
  },
  "neighbourhood": "Country Club",
  "neighbourhood_group": "Bronx",
  "city": "New York"
},
{
  "_id": {
    "$oid": "65530d8c7238d3e85d7eb13c"
  },
  "neighbourhood": "Eastchester",
  "neighbourhood_group": "Bronx",
  "city": "New York"
},
{
  "_id": {
    "$oid": "65530d8c7238d3e85d7eb13d"
  },
  "neighbourhood": "East Morrisania",
  "neighbourhood_group": "Bronx",
  "city": "New York"
},
{
  "_id": {
    "$oid": "65530d8c7238d3e85d7eb13e"
  },
  "neighbourhood": "Edenwald",
  "neighbourhood_group": "Bronx",
  "city": "New York"
},
{
  "_id": {
    "$oid": "65530d8c7238d3e85d7eb13f"
  },
  "neighbourhood": "Fieldston",
  "neighbourhood_group": "Bronx",
  "city": "New York"
},
{
  "_id": {
    "$oid": "65530d8c7238d3e85d7eb140"
  },
  "neighbourhood": "Fordham",
  "neighbourhood_group": "Bronx",
  "city": "New York"
},
{
  "_id": {
    "$oid": "65530d8c7238d3e85d7eb141"
  },
  "neighbourhood": "Highbridge",
  "neighbourhood_group": "Bronx",
  "city": "New York"
},
{
  "_id": {
    "$oid": "65530d8c7238d3e85d7eb142"
  },
  "neighbourhood": "Hunts Point",
  "neighbourhood_group": "Bronx",
  "city": "New York"
},
{
  "_id": {
    "$oid": "65530d8c7238d3e85d7eb143"
  },
  "neighbourhood": "Kingsbridge",
  "neighbourhood_group": "Bronx",
  "city": "New York"
},
{
  "_id": {
    "$oid": "65530d8c7238d3e85d7eb144"
  },
  "neighbourhood": "Longwood",
  "neighbourhood_group": "Bronx",
  "city": "New York"
},
{
  "_id": {
    "$oid": "65530d8c7238d3e85d7eb145"
  },
  "neighbourhood": "Melrose",
  "neighbourhood_group": "Bronx",
  "city": "New York"
},
{
  "_id": {
    "$oid": "65530d8c7238d3e85d7eb146"
  },
  "neighbourhood": "Morrisania",
  "neighbourhood_group": "Bronx",
  "city": "New York"
},
{
  "_id": {
    "$oid": "65530d8c7238d3e85d7eb147"
  },
  "neighbourhood": "Morris Heights",
  "neighbourhood_group": "Bronx",
  "city": "New York"
},
{
  "_id": {
    "$oid": "65530d8c7238d3e85d7eb148"
  },
  "neighbourhood": "Morris Park",
  "neighbourhood_group": "Bronx",
  "city": "New York"
},
{
  "_id": {
    "$oid": "65530d8c7238d3e85d7eb149"
  },
  "neighbourhood": "Mott Haven",
  "neighbourhood_group": "Bronx",
  "city": "New York"
},
{
  "_id": {
    "$oid": "65530d8c7238d3e85d7eb14a"
  },
  "neighbourhood": "Mount Eden",
  "neighbourhood_group": "Bronx",
  "city": "New York"
},
{
  "_id": {
    "$oid": "65530d8c7238d3e85d7eb14b"
  },
  "neighbourhood": "Mount Hope",
  "neighbourhood_group": "Bronx",
  "city": "New York"
},
{
  "_id": {
    "$oid": "65530d8c7238d3e85d7eb14c"
  },
  "neighbourhood": "North Riverdale",
  "neighbourhood_group": "Bronx",
  "city": "New York"
},
{
  "_id": {
    "$oid": "65530d8c7238d3e85d7eb14d"
  },
  "neighbourhood": "Norwood",
  "neighbourhood_group": "Bronx",
  "city": "New York"
},
{
  "_id": {
    "$oid": "65530d8c7238d3e85d7eb14e"
  },
  "neighbourhood": "Olinville",
  "neighbourhood_group": "Bronx",
  "city": "New York"
},
{
  "_id": {
    "$oid": "65530d8c7238d3e85d7eb14f"
  },
  "neighbourhood": "Parkchester",
  "neighbourhood_group": "Bronx",
  "city": "New York"
},
{
  "_id": {
    "$oid": "65530d8c7238d3e85d7eb150"
  },
  "neighbourhood": "Pelham Bay",
  "neighbourhood_group": "Bronx",
  "city": "New York"
},
{
  "_id": {
    "$oid": "65530d8c7238d3e85d7eb151"
  },
  "neighbourhood": "Pelham Gardens",
  "neighbourhood_group": "Bronx",
  "city": "New York"
},
{
  "_id": {
    "$oid": "65530d8c7238d3e85d7eb152"
  },
  "neighbourhood": "Port Morris",
  "neighbourhood_group": "Bronx",
  "city": "New York"
},
{
  "_id": {
    "$oid": "65530d8c7238d3e85d7eb153"
  },
  "neighbourhood": "Riverdale",
  "neighbourhood_group": "Bronx",
  "city": "New York"
},
{
  "_id": {
    "$oid": "65530d8c7238d3e85d7eb154"
  },
  "neighbourhood": "Schuylerville",
  "neighbourhood_group": "Bronx",
  "city": "New York"
},
{
  "_id": {
    "$oid": "65530d8c7238d3e85d7eb155"
  },
  "neighbourhood": "Soundview",
  "neighbourhood_group": "Bronx",
  "city": "New York"
},
{
  "_id": {
    "$oid": "65530d8c7238d3e85d7eb156"
  },
  "neighbourhood": "Spuyten Duyvil",
  "neighbourhood_group": "Bronx",
  "city": "New York"
},
{
  "_id": {
    "$oid": "65530d8c7238d3e85d7eb157"
  },
  "neighbourhood": "Throgs Neck",
  "neighbourhood_group": "Bronx",
  "city": "New York"
},
{
  "_id": {
    "$oid": "65530d8c7238d3e85d7eb158"
  },
  "neighbourhood": "Tremont",
  "neighbourhood_group": "Bronx",
  "city": "New York"
},
{
  "_id": {
    "$oid": "65530d8c7238d3e85d7eb159"
  },
  "neighbourhood": "Unionport",
  "neighbourhood_group": "Bronx",
  "city": "New York"
},
{
  "_id": {
    "$oid": "65530d8c7238d3e85d7eb15a"
  },
  "neighbourhood": "University Heights",
  "neighbourhood_group": "Bronx",
  "city": "New York"
},
{
  "_id": {
    "$oid": "65530d8c7238d3e85d7eb15b"
  },
  "neighbourhood": "Van Nest",
  "neighbourhood_group": "Bronx",
  "city": "New York"
},
{
  "_id": {
    "$oid": "65530d8c7238d3e85d7eb15c"
  },
  "neighbourhood": "Wakefield",
  "neighbourhood_group": "Bronx",
  "city": "New York"
},
{
  "_id": {
    "$oid": "65530d8c7238d3e85d7eb15d"
  },
  "neighbourhood": "Westchester Square",
  "neighbourhood_group": "Bronx",
  "city": "New York"
},
{
  "_id": {
    "$oid": "65530d8c7238d3e85d7eb15e"
  },
  "neighbourhood": "West Farms",
  "neighbourhood_group": "Bronx",
  "city": "New York"
},
{
  "_id": {
    "$oid": "65530d8c7238d3e85d7eb15f"
  },
  "neighbourhood": "Williamsbridge",
  "neighbourhood_group": "Bronx",
  "city": "New York"
},
{
  "_id": {
    "$oid": "65530d8c7238d3e85d7eb160"
  },
  "neighbourhood": "Woodlawn",
  "neighbourhood_group": "Bronx",
  "city": "New York"
},
{
  "_id": {
    "$oid": "65530d8c7238d3e85d7eb161"
  },
  "neighbourhood": "Bath Beach",
  "neighbourhood_group": "Brooklyn",
  "city": "New York"
},
{
  "_id": {
    "$oid": "65530d8c7238d3e85d7eb162"
  },
  "neighbourhood": "Bay Ridge",
  "neighbourhood_group": "Brooklyn",
  "city": "New York"
},
{
  "_id": {
    "$oid": "65530d8c7238d3e85d7eb163"
  },
  "neighbourhood": "Bedford-Stuyvesant",
  "neighbourhood_group": "Brooklyn",
  "city": "New York"
},
{
  "_id": {
    "$oid": "65530d8c7238d3e85d7eb164"
  },
  "neighbourhood": "Bensonhurst",
  "neighbourhood_group": "Brooklyn",
  "city": "New York"
},
{
  "_id": {
    "$oid": "65530d8c7238d3e85d7eb165"
  },
  "neighbourhood": "Bergen Beach",
  "neighbourhood_group": "Brooklyn",
  "city": "New York"
},
{
  "_id": {
    "$oid": "65530d8c7238d3e85d7eb166"
  },
  "neighbourhood": "Boerum Hill",
  "neighbourhood_group": "Brooklyn",
  "city": "New York"
},
{
  "_id": {
    "$oid": "65530d8c7238d3e85d7eb167"
  },
  "neighbourhood": "Borough Park",
  "neighbourhood_group": "Brooklyn",
  "city": "New York"
},
{
  "_id": {
    "$oid": "65530d8c7238d3e85d7eb168"
  },
  "neighbourhood": "Brighton Beach",
  "neighbourhood_group": "Brooklyn",
  "city": "New York"
},
{
  "_id": {
    "$oid": "65530d8c7238d3e85d7eb169"
  },
  "neighbourhood": "Brooklyn Heights",
  "neighbourhood_group": "Brooklyn",
  "city": "New York"
},
{
  "_id": {
    "$oid": "65530d8c7238d3e85d7eb16a"
  },
  "neighbourhood": "Brownsville",
  "neighbourhood_group": "Brooklyn",
  "city": "New York"
},
{
  "_id": {
    "$oid": "65530d8c7238d3e85d7eb16b"
  },
  "neighbourhood": "Bushwick",
  "neighbourhood_group": "Brooklyn",
  "city": "New York"
},
{
  "_id": {
    "$oid": "65530d8c7238d3e85d7eb16c"
  },
  "neighbourhood": "Canarsie",
  "neighbourhood_group": "Brooklyn",
  "city": "New York"
},
{
  "_id": {
    "$oid": "65530d8c7238d3e85d7eb16d"
  },
  "neighbourhood": "Carroll Gardens",
  "neighbourhood_group": "Brooklyn",
  "city": "New York"
},
{
  "_id": {
    "$oid": "65530d8c7238d3e85d7eb16e"
  },
  "neighbourhood": "Clinton Hill",
  "neighbourhood_group": "Brooklyn",
  "city": "New York"
},
{
  "_id": {
    "$oid": "65530d8c7238d3e85d7eb16f"
  },
  "neighbourhood": "Cobble Hill",
  "neighbourhood_group": "Brooklyn",
  "city": "New York"
},
{
  "_id": {
    "$oid": "65530d8c7238d3e85d7eb170"
  },
  "neighbourhood": "Columbia St",
  "neighbourhood_group": "Brooklyn",
  "city": "New York"
},
{
  "_id": {
    "$oid": "65530d8c7238d3e85d7eb171"
  },
  "neighbourhood": "Coney Island",
  "neighbourhood_group": "Brooklyn",
  "city": "New York"
},
{
  "_id": {
    "$oid": "65530d8c7238d3e85d7eb172"
  },
  "neighbourhood": "Crown Heights",
  "neighbourhood_group": "Brooklyn",
  "city": "New York"
},
{
  "_id": {
    "$oid": "65530d8c7238d3e85d7eb173"
  },
  "neighbourhood": "Cypress Hills",
  "neighbourhood_group": "Brooklyn",
  "city": "New York"
},
{
  "_id": {
    "$oid": "65530d8c7238d3e85d7eb174"
  },
  "neighbourhood": "Downtown Brooklyn",
  "neighbourhood_group": "Brooklyn",
  "city": "New York"
},
{
  "_id": {
    "$oid": "65530d8c7238d3e85d7eb175"
  },
  "neighbourhood": "DUMBO",
  "neighbourhood_group": "Brooklyn",
  "city": "New York"
},
{
  "_id": {
    "$oid": "65530d8c7238d3e85d7eb176"
  },
  "neighbourhood": "Dyker Heights",
  "neighbourhood_group": "Brooklyn",
  "city": "New York"
},
{
  "_id": {
    "$oid": "65530d8c7238d3e85d7eb177"
  },
  "neighbourhood": "East Flatbush",
  "neighbourhood_group": "Brooklyn",
  "city": "New York"
},
{
  "_id": {
    "$oid": "65530d8c7238d3e85d7eb178"
  },
  "neighbourhood": "East New York",
  "neighbourhood_group": "Brooklyn",
  "city": "New York"
},
{
  "_id": {
    "$oid": "65530d8c7238d3e85d7eb179"
  },
  "neighbourhood": "Flatbush",
  "neighbourhood_group": "Brooklyn",
  "city": "New York"
},
{
  "_id": {
    "$oid": "65530d8c7238d3e85d7eb17a"
  },
  "neighbourhood": "Flatlands",
  "neighbourhood_group": "Brooklyn",
  "city": "New York"
},
{
  "_id": {
    "$oid": "65530d8c7238d3e85d7eb17b"
  },
  "neighbourhood": "Fort Greene",
  "neighbourhood_group": "Brooklyn",
  "city": "New York"
},
{
  "_id": {
    "$oid": "65530d8c7238d3e85d7eb17c"
  },
  "neighbourhood": "Fort Hamilton",
  "neighbourhood_group": "Brooklyn",
  "city": "New York"
},
{
  "_id": {
    "$oid": "65530d8c7238d3e85d7eb17d"
  },
  "neighbourhood": "Gerritsen Beach",
  "neighbourhood_group": "Brooklyn",
  "city": "New York"
},
{
  "_id": {
    "$oid": "65530d8c7238d3e85d7eb17e"
  },
  "neighbourhood": "Gowanus",
  "neighbourhood_group": "Brooklyn",
  "city": "New York"
},
{
  "_id": {
    "$oid": "65530d8c7238d3e85d7eb17f"
  },
  "neighbourhood": "Gravesend",
  "neighbourhood_group": "Brooklyn",
  "city": "New York"
},
{
  "_id": {
    "$oid": "65530d8c7238d3e85d7eb180"
  },
  "neighbourhood": "Greenpoint",
  "neighbourhood_group": "Brooklyn",
  "city": "New York"
},
{
  "_id": {
    "$oid": "65530d8c7238d3e85d7eb181"
  },
  "neighbourhood": "Kensington",
  "neighbourhood_group": "Brooklyn",
  "city": "New York"
},
{
  "_id": {
    "$oid": "65530d8c7238d3e85d7eb182"
  },
  "neighbourhood": "Manhattan Beach",
  "neighbourhood_group": "Brooklyn",
  "city": "New York"
},
{
  "_id": {
    "$oid": "65530d8c7238d3e85d7eb183"
  },
  "neighbourhood": "Midwood",
  "neighbourhood_group": "Brooklyn",
  "city": "New York"
},
{
  "_id": {
    "$oid": "65530d8c7238d3e85d7eb184"
  },
  "neighbourhood": "Mill Basin",
  "neighbourhood_group": "Brooklyn",
  "city": "New York"
},
{
  "_id": {
    "$oid": "65530d8c7238d3e85d7eb185"
  },
  "neighbourhood": "Navy Yard",
  "neighbourhood_group": "Brooklyn",
  "city": "New York"
},
{
  "_id": {
    "$oid": "65530d8c7238d3e85d7eb186"
  },
  "neighbourhood": "Park Slope",
  "neighbourhood_group": "Brooklyn",
  "city": "New York"
},
{
  "_id": {
    "$oid": "65530d8c7238d3e85d7eb187"
  },
  "neighbourhood": "Prospect Heights",
  "neighbourhood_group": "Brooklyn",
  "city": "New York"
},
{
  "_id": {
    "$oid": "65530d8c7238d3e85d7eb188"
  },
  "neighbourhood": "Prospect-Lefferts Gardens",
  "neighbourhood_group": "Brooklyn",
  "city": "New York"
},
{
  "_id": {
    "$oid": "65530d8c7238d3e85d7eb189"
  },
  "neighbourhood": "Red Hook",
  "neighbourhood_group": "Brooklyn",
  "city": "New York"
},
{
  "_id": {
    "$oid": "65530d8c7238d3e85d7eb18a"
  },
  "neighbourhood": "Sea Gate",
  "neighbourhood_group": "Brooklyn",
  "city": "New York"
},
{
  "_id": {
    "$oid": "65530d8c7238d3e85d7eb18b"
  },
  "neighbourhood": "Sheepshead Bay",
  "neighbourhood_group": "Brooklyn",
  "city": "New York"
},
{
  "_id": {
    "$oid": "65530d8c7238d3e85d7eb18c"
  },
  "neighbourhood": "South Slope",
  "neighbourhood_group": "Brooklyn",
  "city": "New York"
},
{
  "_id": {
    "$oid": "65530d8c7238d3e85d7eb18d"
  },
  "neighbourhood": "Sunset Park",
  "neighbourhood_group": "Brooklyn",
  "city": "New York"
},
{
  "_id": {
    "$oid": "65530d8c7238d3e85d7eb18e"
  },
  "neighbourhood": "Vinegar Hill",
  "neighbourhood_group": "Brooklyn",
  "city": "New York"
},
{
  "_id": {
    "$oid": "65530d8c7238d3e85d7eb18f"
  },
  "neighbourhood": "Williamsburg",
  "neighbourhood_group": "Brooklyn",
  "city": "New York"
},
{
  "_id": {
    "$oid": "65530d8c7238d3e85d7eb190"
  },
  "neighbourhood": "Windsor Terrace",
  "neighbourhood_group": "Brooklyn",
  "city": "New York"
},
{
  "_id": {
    "$oid": "65530d8c7238d3e85d7eb191"
  },
  "neighbourhood": "Battery Park City",
  "neighbourhood_group": "Manhattan",
  "city": "New York"
},
{
  "_id": {
    "$oid": "65530d8c7238d3e85d7eb192"
  },
  "neighbourhood": "Chelsea",
  "neighbourhood_group": "Manhattan",
  "city": "New York"
},
{
  "_id": {
    "$oid": "65530d8c7238d3e85d7eb193"
  },
  "neighbourhood": "Chinatown",
  "neighbourhood_group": "Manhattan",
  "city": "New York"
},
{
  "_id": {
    "$oid": "65530d8c7238d3e85d7eb194"
  },
  "neighbourhood": "Civic Center",
  "neighbourhood_group": "Manhattan",
  "city": "New York"
},
{
  "_id": {
    "$oid": "65530d8c7238d3e85d7eb195"
  },
  "neighbourhood": "East Harlem",
  "neighbourhood_group": "Manhattan",
  "city": "New York"
},
{
  "_id": {
    "$oid": "65530d8c7238d3e85d7eb196"
  },
  "neighbourhood": "East Village",
  "neighbourhood_group": "Manhattan",
  "city": "New York"
},
{
  "_id": {
    "$oid": "65530d8c7238d3e85d7eb197"
  },
  "neighbourhood": "Financial District",
  "neighbourhood_group": "Manhattan",
  "city": "New York"
},
{
  "_id": {
    "$oid": "65530d8c7238d3e85d7eb198"
  },
  "neighbourhood": "Flatiron District",
  "neighbourhood_group": "Manhattan",
  "city": "New York"
},
{
  "_id": {
    "$oid": "65530d8c7238d3e85d7eb199"
  },
  "neighbourhood": "Gramercy",
  "neighbourhood_group": "Manhattan",
  "city": "New York"
},
{
  "_id": {
    "$oid": "65530d8c7238d3e85d7eb19a"
  },
  "neighbourhood": "Greenwich Village",
  "neighbourhood_group": "Manhattan",
  "city": "New York"
},
{
  "_id": {
    "$oid": "65530d8c7238d3e85d7eb19b"
  },
  "neighbourhood": "Harlem",
  "neighbourhood_group": "Manhattan",
  "city": "New York"
},
{
  "_id": {
    "$oid": "65530d8c7238d3e85d7eb19c"
  },
  "neighbourhood": "Hell's Kitchen",
  "neighbourhood_group": "Manhattan",
  "city": "New York"
},
{
  "_id": {
    "$oid": "65530d8c7238d3e85d7eb19d"
  },
  "neighbourhood": "Inwood",
  "neighbourhood_group": "Manhattan",
  "city": "New York"
},
{
  "_id": {
    "$oid": "65530d8c7238d3e85d7eb19e"
  },
  "neighbourhood": "Kips Bay",
  "neighbourhood_group": "Manhattan",
  "city": "New York"
},
{
  "_id": {
    "$oid": "65530d8c7238d3e85d7eb19f"
  },
  "neighbourhood": "Little Italy",
  "neighbourhood_group": "Manhattan",
  "city": "New York"
},
{
  "_id": {
    "$oid": "65530d8c7238d3e85d7eb1a0"
  },
  "neighbourhood": "Lower East Side",
  "neighbourhood_group": "Manhattan",
  "city": "New York"
},
{
  "_id": {
    "$oid": "65530d8c7238d3e85d7eb1a1"
  },
  "neighbourhood": "Marble Hill",
  "neighbourhood_group": "Manhattan",
  "city": "New York"
},
{
  "_id": {
    "$oid": "65530d8c7238d3e85d7eb1a2"
  },
  "neighbourhood": "Midtown",
  "neighbourhood_group": "Manhattan",
  "city": "New York"
},
{
  "_id": {
    "$oid": "65530d8c7238d3e85d7eb1a3"
  },
  "neighbourhood": "Morningside Heights",
  "neighbourhood_group": "Manhattan",
  "city": "New York"
},
{
  "_id": {
    "$oid": "65530d8c7238d3e85d7eb1a4"
  },
  "neighbourhood": "Murray Hill",
  "neighbourhood_group": "Manhattan",
  "city": "New York"
},
{
  "_id": {
    "$oid": "65530d8c7238d3e85d7eb1a5"
  },
  "neighbourhood": "NoHo",
  "neighbourhood_group": "Manhattan",
  "city": "New York"
},
{
  "_id": {
    "$oid": "65530d8c7238d3e85d7eb1a6"
  },
  "neighbourhood": "Nolita",
  "neighbourhood_group": "Manhattan",
  "city": "New York"
},
{
  "_id": {
    "$oid": "65530d8c7238d3e85d7eb1a7"
  },
  "neighbourhood": "Roosevelt Island",
  "neighbourhood_group": "Manhattan",
  "city": "New York"
},
{
  "_id": {
    "$oid": "65530d8c7238d3e85d7eb1a8"
  },
  "neighbourhood": "SoHo",
  "neighbourhood_group": "Manhattan",
  "city": "New York"
},
{
  "_id": {
    "$oid": "65530d8c7238d3e85d7eb1a9"
  },
  "neighbourhood": "Stuyvesant Town",
  "neighbourhood_group": "Manhattan",
  "city": "New York"
},
{
  "_id": {
    "$oid": "65530d8c7238d3e85d7eb1aa"
  },
  "neighbourhood": "Theater District",
  "neighbourhood_group": "Manhattan",
  "city": "New York"
},
{
  "_id": {
    "$oid": "65530d8c7238d3e85d7eb1ab"
  },
  "neighbourhood": "Tribeca",
  "neighbourhood_group": "Manhattan",
  "city": "New York"
},
{
  "_id": {
    "$oid": "65530d8c7238d3e85d7eb1ac"
  },
  "neighbourhood": "Two Bridges",
  "neighbourhood_group": "Manhattan",
  "city": "New York"
},
{
  "_id": {
    "$oid": "65530d8c7238d3e85d7eb1ad"
  },
  "neighbourhood": "Upper East Side",
  "neighbourhood_group": "Manhattan",
  "city": "New York"
},
{
  "_id": {
    "$oid": "65530d8c7238d3e85d7eb1ae"
  },
  "neighbourhood": "Upper West Side",
  "neighbourhood_group": "Manhattan",
  "city": "New York"
},
{
  "_id": {
    "$oid": "65530d8c7238d3e85d7eb1af"
  },
  "neighbourhood": "Washington Heights",
  "neighbourhood_group": "Manhattan",
  "city": "New York"
},
{
  "_id": {
    "$oid": "65530d8c7238d3e85d7eb1b0"
  },
  "neighbourhood": "West Village",
  "neighbourhood_group": "Manhattan",
  "city": "New York"
},
{
  "_id": {
    "$oid": "65530d8c7238d3e85d7eb1b1"
  },
  "neighbourhood": "Arverne",
  "neighbourhood_group": "Queens",
  "city": "New York"
},
{
  "_id": {
    "$oid": "65530d8c7238d3e85d7eb1b2"
  },
  "neighbourhood": "Astoria",
  "neighbourhood_group": "Queens",
  "city": "New York"
},
{
  "_id": {
    "$oid": "65530d8c7238d3e85d7eb1b3"
  },
  "neighbourhood": "Bayside",
  "neighbourhood_group": "Queens",
  "city": "New York"
},
{
  "_id": {
    "$oid": "65530d8c7238d3e85d7eb1b4"
  },
  "neighbourhood": "Bayswater",
  "neighbourhood_group": "Queens",
  "city": "New York"
},
{
  "_id": {
    "$oid": "65530d8c7238d3e85d7eb1b5"
  },
  "neighbourhood": "Bay Terrace",
  "neighbourhood_group": "Queens",
  "city": "New York"
},
{
  "_id": {
    "$oid": "65530d8c7238d3e85d7eb1b6"
  },
  "neighbourhood": "Belle Harbor",
  "neighbourhood_group": "Queens",
  "city": "New York"
},
{
  "_id": {
    "$oid": "65530d8c7238d3e85d7eb1b7"
  },
  "neighbourhood": "Bellerose",
  "neighbourhood_group": "Queens",
  "city": "New York"
},
{
  "_id": {
    "$oid": "65530d8c7238d3e85d7eb1b8"
  },
  "neighbourhood": "Breezy Point",
  "neighbourhood_group": "Queens",
  "city": "New York"
},
{
  "_id": {
    "$oid": "65530d8c7238d3e85d7eb1b9"
  },
  "neighbourhood": "Briarwood",
  "neighbourhood_group": "Queens",
  "city": "New York"
},
{
  "_id": {
    "$oid": "65530d8c7238d3e85d7eb1ba"
  },
  "neighbourhood": "Cambria Heights",
  "neighbourhood_group": "Queens",
  "city": "New York"
},
{
  "_id": {
    "$oid": "65530d8c7238d3e85d7eb1bb"
  },
  "neighbourhood": "College Point",
  "neighbourhood_group": "Queens",
  "city": "New York"
},
{
  "_id": {
    "$oid": "65530d8c7238d3e85d7eb1bc"
  },
  "neighbourhood": "Corona",
  "neighbourhood_group": "Queens",
  "city": "New York"
},
{
  "_id": {
    "$oid": "65530d8c7238d3e85d7eb1bd"
  },
  "neighbourhood": "Ditmars Steinway",
  "neighbourhood_group": "Queens",
  "city": "New York"
},
{
  "_id": {
    "$oid": "65530d8c7238d3e85d7eb1be"
  },
  "neighbourhood": "Douglaston",
  "neighbourhood_group": "Queens",
  "city": "New York"
},
{
  "_id": {
    "$oid": "65530d8c7238d3e85d7eb1bf"
  },
  "neighbourhood": "East Elmhurst",
  "neighbourhood_group": "Queens",
  "city": "New York"
},
{
  "_id": {
    "$oid": "65530d8c7238d3e85d7eb1c0"
  },
  "neighbourhood": "Edgemere",
  "neighbourhood_group": "Queens",
  "city": "New York"
},
{
  "_id": {
    "$oid": "65530d8c7238d3e85d7eb1c1"
  },
  "neighbourhood": "Elmhurst",
  "neighbourhood_group": "Queens",
  "city": "New York"
},
{
  "_id": {
    "$oid": "65530d8c7238d3e85d7eb1c2"
  },
  "neighbourhood": "Far Rockaway",
  "neighbourhood_group": "Queens",
  "city": "New York"
},
{
  "_id": {
    "$oid": "65530d8c7238d3e85d7eb1c3"
  },
  "neighbourhood": "Flushing",
  "neighbourhood_group": "Queens",
  "city": "New York"
},
{
  "_id": {
    "$oid": "65530d8c7238d3e85d7eb1c4"
  },
  "neighbourhood": "Forest Hills",
  "neighbourhood_group": "Queens",
  "city": "New York"
},
{
  "_id": {
    "$oid": "65530d8c7238d3e85d7eb1c5"
  },
  "neighbourhood": "Fresh Meadows",
  "neighbourhood_group": "Queens",
  "city": "New York"
},
{
  "_id": {
    "$oid": "65530d8c7238d3e85d7eb1c6"
  },
  "neighbourhood": "Glendale",
  "neighbourhood_group": "Queens",
  "city": "New York"
},
{
  "_id": {
    "$oid": "65530d8c7238d3e85d7eb1c7"
  },
  "neighbourhood": "Glen Oaks",
  "neighbourhood_group": "Queens",
  "city": "New York"
},
{
  "_id": {
    "$oid": "65530d8c7238d3e85d7eb1c8"
  },
  "neighbourhood": "Hollis",
  "neighbourhood_group": "Queens",
  "city": "New York"
},
{
  "_id": {
    "$oid": "65530d8c7238d3e85d7eb1c9"
  },
  "neighbourhood": "Hollis Hills",
  "neighbourhood_group": "Queens",
  "city": "New York"
},
{
  "_id": {
    "$oid": "65530d8c7238d3e85d7eb1ca"
  },
  "neighbourhood": "Holliswood",
  "neighbourhood_group": "Queens",
  "city": "New York"
},
{
  "_id": {
    "$oid": "65530d8c7238d3e85d7eb1cb"
  },
  "neighbourhood": "Howard Beach",
  "neighbourhood_group": "Queens",
  "city": "New York"
},
{
  "_id": {
    "$oid": "65530d8c7238d3e85d7eb1cc"
  },
  "neighbourhood": "Jackson Heights",
  "neighbourhood_group": "Queens",
  "city": "New York"
},
{
  "_id": {
    "$oid": "65530d8c7238d3e85d7eb1cd"
  },
  "neighbourhood": "Jamaica",
  "neighbourhood_group": "Queens",
  "city": "New York"
},
{
  "_id": {
    "$oid": "65530d8c7238d3e85d7eb1ce"
  },
  "neighbourhood": "Jamaica Estates",
  "neighbourhood_group": "Queens",
  "city": "New York"
},
{
  "_id": {
    "$oid": "65530d8c7238d3e85d7eb1cf"
  },
  "neighbourhood": "Jamaica Hills",
  "neighbourhood_group": "Queens",
  "city": "New York"
},
{
  "_id": {
    "$oid": "65530d8c7238d3e85d7eb1d0"
  },
  "neighbourhood": "Kew Gardens",
  "neighbourhood_group": "Queens",
  "city": "New York"
},
{
  "_id": {
    "$oid": "65530d8c7238d3e85d7eb1d1"
  },
  "neighbourhood": "Kew Gardens Hills",
  "neighbourhood_group": "Queens",
  "city": "New York"
},
{
  "_id": {
    "$oid": "65530d8c7238d3e85d7eb1d2"
  },
  "neighbourhood": "Laurelton",
  "neighbourhood_group": "Queens",
  "city": "New York"
},
{
  "_id": {
    "$oid": "65530d8c7238d3e85d7eb1d3"
  },
  "neighbourhood": "Little Neck",
  "neighbourhood_group": "Queens",
  "city": "New York"
},
{
  "_id": {
    "$oid": "65530d8c7238d3e85d7eb1d4"
  },
  "neighbourhood": "Long Island City",
  "neighbourhood_group": "Queens",
  "city": "New York"
},
{
  "_id": {
    "$oid": "65530d8c7238d3e85d7eb1d5"
  },
  "neighbourhood": "Maspeth",
  "neighbourhood_group": "Queens",
  "city": "New York"
},
{
  "_id": {
    "$oid": "65530d8c7238d3e85d7eb1d6"
  },
  "neighbourhood": "Middle Village",
  "neighbourhood_group": "Queens",
  "city": "New York"
},
{
  "_id": {
    "$oid": "65530d8c7238d3e85d7eb1d7"
  },
  "neighbourhood": "Neponsit",
  "neighbourhood_group": "Queens",
  "city": "New York"
},
{
  "_id": {
    "$oid": "65530d8c7238d3e85d7eb1d8"
  },
  "neighbourhood": "Ozone Park",
  "neighbourhood_group": "Queens",
  "city": "New York"
},
{
  "_id": {
    "$oid": "65530d8c7238d3e85d7eb1d9"
  },
  "neighbourhood": "Queens Village",
  "neighbourhood_group": "Queens",
  "city": "New York"
},
{
  "_id": {
    "$oid": "65530d8c7238d3e85d7eb1da"
  },
  "neighbourhood": "Rego Park",
  "neighbourhood_group": "Queens",
  "city": "New York"
},
{
  "_id": {
    "$oid": "65530d8c7238d3e85d7eb1db"
  },
  "neighbourhood": "Richmond Hill",
  "neighbourhood_group": "Queens",
  "city": "New York"
},
{
  "_id": {
    "$oid": "65530d8c7238d3e85d7eb1dc"
  },
  "neighbourhood": "Ridgewood",
  "neighbourhood_group": "Queens",
  "city": "New York"
},
{
  "_id": {
    "$oid": "65530d8c7238d3e85d7eb1dd"
  },
  "neighbourhood": "Rockaway Beach",
  "neighbourhood_group": "Queens",
  "city": "New York"
},
{
  "_id": {
    "$oid": "65530d8c7238d3e85d7eb1de"
  },
  "neighbourhood": "Rosedale",
  "neighbourhood_group": "Queens",
  "city": "New York"
},
{
  "_id": {
    "$oid": "65530d8c7238d3e85d7eb1df"
  },
  "neighbourhood": "South Ozone Park",
  "neighbourhood_group": "Queens",
  "city": "New York"
},
{
  "_id": {
    "$oid": "65530d8c7238d3e85d7eb1e0"
  },
  "neighbourhood": "Springfield Gardens",
  "neighbourhood_group": "Queens",
  "city": "New York"
},
{
  "_id": {
    "$oid": "65530d8c7238d3e85d7eb1e1"
  },
  "neighbourhood": "St. Albans",
  "neighbourhood_group": "Queens",
  "city": "New York"
},
{
  "_id": {
    "$oid": "65530d8c7238d3e85d7eb1e2"
  },
  "neighbourhood": "Sunnyside",
  "neighbourhood_group": "Queens",
  "city": "New York"
},
{
  "_id": {
    "$oid": "65530d8c7238d3e85d7eb1e3"
  },
  "neighbourhood": "Whitestone",
  "neighbourhood_group": "Queens",
  "city": "New York"
},
{
  "_id": {
    "$oid": "65530d8c7238d3e85d7eb1e4"
  },
  "neighbourhood": "Woodhaven",
  "neighbourhood_group": "Queens",
  "city": "New York"
},
{
  "_id": {
    "$oid": "65530d8c7238d3e85d7eb1e5"
  },
  "neighbourhood": "Woodside",
  "neighbourhood_group": "Queens",
  "city": "New York"
},
{
  "_id": {
    "$oid": "65530d8c7238d3e85d7eb1e6"
  },
  "neighbourhood": "Arden Heights",
  "neighbourhood_group": "Staten Island",
  "city": "New York"
},
{
  "_id": {
    "$oid": "65530d8c7238d3e85d7eb1e7"
  },
  "neighbourhood": "Arrochar",
  "neighbourhood_group": "Staten Island",
  "city": "New York"
},
{
  "_id": {
    "$oid": "65530d8c7238d3e85d7eb1e8"
  },
  "neighbourhood": "Bay Terrace, Staten Island",
  "neighbourhood_group": "Staten Island",
  "city": "New York"
},
{
  "_id": {
    "$oid": "65530d8c7238d3e85d7eb1e9"
  },
  "neighbourhood": "Bloomfield",
  "neighbourhood_group": "Staten Island",
  "city": "New York"
},
{
  "_id": {
    "$oid": "65530d8c7238d3e85d7eb1ea"
  },
  "neighbourhood": "Bull's Head",
  "neighbourhood_group": "Staten Island",
  "city": "New York"
},
{
  "_id": {
    "$oid": "65530d8c7238d3e85d7eb1eb"
  },
  "neighbourhood": "Castleton Corners",
  "neighbourhood_group": "Staten Island",
  "city": "New York"
},
{
  "_id": {
    "$oid": "65530d8c7238d3e85d7eb1ec"
  },
  "neighbourhood": "Charleston",
  "neighbourhood_group": "Staten Island",
  "city": "New York"
},
{
  "_id": {
    "$oid": "65530d8c7238d3e85d7eb1ed"
  },
  "neighbourhood": "Chelsea, Staten Island",
  "neighbourhood_group": "Staten Island",
  "city": "New York"
},
{
  "_id": {
    "$oid": "65530d8c7238d3e85d7eb1ee"
  },
  "neighbourhood": "Clifton",
  "neighbourhood_group": "Staten Island",
  "city": "New York"
},
{
  "_id": {
    "$oid": "65530d8c7238d3e85d7eb1ef"
  },
  "neighbourhood": "Concord",
  "neighbourhood_group": "Staten Island",
  "city": "New York"
},
{
  "_id": {
    "$oid": "65530d8c7238d3e85d7eb1f0"
  },
  "neighbourhood": "Dongan Hills",
  "neighbourhood_group": "Staten Island",
  "city": "New York"
},
{
  "_id": {
    "$oid": "65530d8c7238d3e85d7eb1f1"
  },
  "neighbourhood": "Eltingville",
  "neighbourhood_group": "Staten Island",
  "city": "New York"
},
{
  "_id": {
    "$oid": "65530d8c7238d3e85d7eb1f2"
  },
  "neighbourhood": "Emerson Hill",
  "neighbourhood_group": "Staten Island",
  "city": "New York"
},
{
  "_id": {
    "$oid": "65530d8c7238d3e85d7eb1f3"
  },
  "neighbourhood": "Fort Wadsworth",
  "neighbourhood_group": "Staten Island",
  "city": "New York"
},
{
  "_id": {
    "$oid": "65530d8c7238d3e85d7eb1f4"
  },
  "neighbourhood": "Graniteville",
  "neighbourhood_group": "Staten Island",
  "city": "New York"
},
{
  "_id": {
    "$oid": "65530d8c7238d3e85d7eb1f5"
  },
  "neighbourhood": "Grant City",
  "neighbourhood_group": "Staten Island",
  "city": "New York"
},
{
  "_id": {
    "$oid": "65530d8c7238d3e85d7eb1f6"
  },
  "neighbourhood": "Great Kills",
  "neighbourhood_group": "Staten Island",
  "city": "New York"
},
{
  "_id": {
    "$oid": "65530d8c7238d3e85d7eb1f7"
  },
  "neighbourhood": "Grymes Hill",
  "neighbourhood_group": "Staten Island",
  "city": "New York"
},
{
  "_id": {
    "$oid": "65530d8c7238d3e85d7eb1f8"
  },
  "neighbourhood": "Howland Hook",
  "neighbourhood_group": "Staten Island",
  "city": "New York"
},
{
  "_id": {
    "$oid": "65530d8c7238d3e85d7eb1f9"
  },
  "neighbourhood": "Huguenot",
  "neighbourhood_group": "Staten Island",
  "city": "New York"
},
{
  "_id": {
    "$oid": "65530d8c7238d3e85d7eb1fa"
  },
  "neighbourhood": "Lighthouse Hill",
  "neighbourhood_group": "Staten Island",
  "city": "New York"
},
{
  "_id": {
    "$oid": "65530d8c7238d3e85d7eb1fb"
  },
  "neighbourhood": "Mariners Harbor",
  "neighbourhood_group": "Staten Island",
  "city": "New York"
},
{
  "_id": {
    "$oid": "65530d8c7238d3e85d7eb1fc"
  },
  "neighbourhood": "Midland Beach",
  "neighbourhood_group": "Staten Island",
  "city": "New York"
},
{
  "_id": {
    "$oid": "65530d8c7238d3e85d7eb1fd"
  },
  "neighbourhood": "New Brighton",
  "neighbourhood_group": "Staten Island",
  "city": "New York"
},
{
  "_id": {
    "$oid": "65530d8c7238d3e85d7eb1fe"
  },
  "neighbourhood": "New Dorp",
  "neighbourhood_group": "Staten Island",
  "city": "New York"
},
{
  "_id": {
    "$oid": "65530d8c7238d3e85d7eb1ff"
  },
  "neighbourhood": "New Dorp Beach",
  "neighbourhood_group": "Staten Island",
  "city": "New York"
},
{
  "_id": {
    "$oid": "65530d8c7238d3e85d7eb200"
  },
  "neighbourhood": "New Springville",
  "neighbourhood_group": "Staten Island",
  "city": "New York"
},
{
  "_id": {
    "$oid": "65530d8c7238d3e85d7eb201"
  },
  "neighbourhood": "Oakwood",
  "neighbourhood_group": "Staten Island",
  "city": "New York"
},
{
  "_id": {
    "$oid": "65530d8c7238d3e85d7eb202"
  },
  "neighbourhood": "Pleasant Plains",
  "neighbourhood_group": "Staten Island",
  "city": "New York"
},
{
  "_id": {
    "$oid": "65530d8c7238d3e85d7eb203"
  },
  "neighbourhood": "Port Ivory",
  "neighbourhood_group": "Staten Island",
  "city": "New York"
},
{
  "_id": {
    "$oid": "65530d8c7238d3e85d7eb204"
  },
  "neighbourhood": "Port Richmond",
  "neighbourhood_group": "Staten Island",
  "city": "New York"
},
{
  "_id": {
    "$oid": "65530d8c7238d3e85d7eb205"
  },
  "neighbourhood": "Prince's Bay",
  "neighbourhood_group": "Staten Island",
  "city": "New York"
},
{
  "_id": {
    "$oid": "65530d8c7238d3e85d7eb206"
  },
  "neighbourhood": "Randall Manor",
  "neighbourhood_group": "Staten Island",
  "city": "New York"
},
{
  "_id": {
    "$oid": "65530d8c7238d3e85d7eb207"
  },
  "neighbourhood": "Richmondtown",
  "neighbourhood_group": "Staten Island",
  "city": "New York"
},
{
  "_id": {
    "$oid": "65530d8c7238d3e85d7eb208"
  },
  "neighbourhood": "Rosebank",
  "neighbourhood_group": "Staten Island",
  "city": "New York"
},
{
  "_id": {
    "$oid": "65530d8c7238d3e85d7eb209"
  },
  "neighbourhood": "Rossville",
  "neighbourhood_group": "Staten Island",
  "city": "New York"
},
{
  "_id": {
    "$oid": "65530d8c7238d3e85d7eb20a"
  },
  "neighbourhood": "Shore Acres",
  "neighbourhood_group": "Staten Island",
  "city": "New York"
},
{
  "_id": {
    "$oid": "65530d8c7238d3e85d7eb20b"
  },
  "neighbourhood": "Silver Lake",
  "neighbourhood_group": "Staten Island",
  "city": "New York"
},
{
  "_id": {
    "$oid": "65530d8c7238d3e85d7eb20c"
  },
  "neighbourhood": "South Beach",
  "neighbourhood_group": "Staten Island",
  "city": "New York"
},
{
  "_id": {
    "$oid": "65530d8c7238d3e85d7eb20d"
  },
  "neighbourhood": "Stapleton",
  "neighbourhood_group": "Staten Island",
  "city": "New York"
},
{
  "_id": {
    "$oid": "65530d8c7238d3e85d7eb20e"
  },
  "neighbourhood": "St. George",
  "neighbourhood_group": "Staten Island",
  "city": "New York"
},
{
  "_id": {
    "$oid": "65530d8c7238d3e85d7eb20f"
  },
  "neighbourhood": "Todt Hill",
  "neighbourhood_group": "Staten Island",
  "city": "New York"
},
{
  "_id": {
    "$oid": "65530d8c7238d3e85d7eb210"
  },
  "neighbourhood": "Tompkinsville",
  "neighbourhood_group": "Staten Island",
  "city": "New York"
},
{
  "_id": {
    "$oid": "65530d8c7238d3e85d7eb211"
  },
  "neighbourhood": "Tottenville",
  "neighbourhood_group": "Staten Island",
  "city": "New York"
},
{
  "_id": {
    "$oid": "65530d8c7238d3e85d7eb212"
  },
  "neighbourhood": "West Brighton",
  "neighbourhood_group": "Staten Island",
  "city": "New York"
},
{
  "_id": {
    "$oid": "65530d8c7238d3e85d7eb213"
  },
  "neighbourhood": "Westerleigh",
  "neighbourhood_group": "Staten Island",
  "city": "New York"
},
{
  "_id": {
    "$oid": "65530d8c7238d3e85d7eb214"
  },
  "neighbourhood": "Willowbrook",
  "neighbourhood_group": "Staten Island",
  "city": "New York"
},
{
  "_id": {
    "$oid": "65530d8c7238d3e85d7eb215"
  },
  "neighbourhood": "Woodrow",
  "neighbourhood_group": "Staten Island",
  "city": "New York"
}]